日期,收盘价,总市值,GDP,近十年分位数,总历史分位数
2005-04-07,1003.45,38470.47,161840.16,1.0,1.0
2005-04-10,995.42,39184.81,161840.16,1.0,1.0
2005-04-11,978.7,38955.09,161840.16,0.66667,0.66667
2005-04-12,1000.9,38287.33,161840.16,0.25,0.25
2005-04-13,986.98,39166.32,161840.16,0.8,0.8
2005-04-14,974.08,38700.11,161840.16,0.5,0.5
2005-04-17,963.77,38100.27,161840.16,0.14286,0.14286
2005-04-18,965.89,37552.56,161840.16,0.125,0.125
2005-04-19,950.87,37588.8,161840.16,0.22222,0.22222
2005-04-20,943.98,37047.16,161840.16,0.1,0.1
2005-04-21,939.1,36954.91,161840.16,0.09091,0.09091
2005-04-24,930.07,36731.6,161840.16,0.08333,0.08333
2005-04-25,937.08,36307.75,161840.16,0.07692,0.07692
2005-04-26,926.6,36578.32,161840.16,0.14286,0.14286
2005-04-27,942.07,36048.25,161840.16,0.06667,0.06667
2005-04-28,932.39,36692.91,161840.16,0.25,0.25
2005-05-08,909.17,36307.12,161840.16,0.11765,0.11765
2005-05-09,913.08,35356.67,161840.16,0.05556,0.05556
2005-05-10,901.85,35491.91,161840.16,0.10526,0.10526
2005-05-11,885.82,35146.31,161840.16,0.05,0.05
2005-05-12,887.54,34555.22,161840.16,0.04762,0.04762
2005-05-15,875.27,34667.03,161840.16,0.09091,0.09091
2005-05-16,881.46,34253.59,161840.16,0.04348,0.04348
2005-05-17,883.2,34404.55,161840.16,0.08333,0.08333
2005-05-18,884.17,34508.11,161840.16,0.12,0.12
2005-05-19,882.76,34511.16,161840.16,0.15385,0.15385
2005-05-22,863.34,34375.73,161840.16,0.07407,0.07407
2005-05-23,868.46,33466.57,161840.16,0.03571,0.03571
2005-05-24,868.45,33643.72,161840.16,0.06897,0.06897
2005-05-25,857.33,33616.16,161840.16,0.06667,0.06667
2005-05-26,849.51,33212.98,161840.16,0.03226,0.03226
2005-05-29,855.61,32970.83,161840.16,0.03125,0.03125
2005-05-30,855.95,33233.56,161840.16,0.09091,0.09091
2005-05-31,837.53,33248.52,161840.16,0.11765,0.11765
2005-06-01,818.38,32525.16,161840.16,0.02857,0.02857
2005-06-02,818.03,31881.29,161840.16,0.02778,0.02778
2005-06-05,839.0,31778.58,161840.16,0.02703,0.02703
2005-06-06,837.28,32448.77,161840.16,0.07895,0.07895
2005-06-07,905.77,32374.43,161840.16,0.07692,0.07692
2005-06-08,912.6,35006.73,161840.16,0.5,0.5
2005-06-09,894.56,35442.24,161840.16,0.56098,0.56098
2005-06-12,892.96,34672.41,161840.16,0.47619,0.47619
2005-06-13,883.54,34666.1,161840.16,0.44186,0.44186
2005-06-14,866.83,34206.82,161840.16,0.29545,0.29545
2005-06-15,879.24,33477.85,161840.16,0.24444,0.24444
2005-06-16,880.35,33855.79,161840.16,0.30435,0.30435
2005-06-19,906.25,33764.84,161840.16,0.29787,0.29787
2005-06-20,896.17,34741.16,161840.16,0.54167,0.54167
2005-06-21,900.65,34307.29,161840.16,0.36735,0.36735
2005-06-22,893.57,34343.36,161840.16,0.38,0.38
2005-06-23,898.3,34073.06,161840.16,0.31373,0.31373
2005-06-26,916.04,34309.1,161840.16,0.38462,0.38462
2005-06-27,903.72,35048.82,161840.16,0.60377,0.60377
2005-06-28,898.9,34498.14,161840.16,0.44444,0.44444
2005-06-29,878.69,34322.78,161840.16,0.38182,0.38182
2005-06-30,859.49,33490.29,161840.16,0.21429,0.21429
2005-07-03,855.93,32617.48,161840.16,0.10526,0.10526
2005-07-04,849.68,32364.45,161840.16,0.05172,0.05172
2005-07-05,842.56,32100.25,161840.16,0.05085,0.05085
2005-07-06,844.73,31930.33,161840.16,0.05,0.05
2005-07-07,829.49,32082.82,161840.16,0.06557,0.06557
2005-07-10,824.1,31381.33,161840.16,0.01613,0.01613
2005-07-11,851.82,31145.23,161840.16,0.01587,0.01587
2005-07-12,846.23,32189.28,161840.16,0.125,0.125
2005-07-13,849.59,31928.08,161840.16,0.07692,0.07692
2005-07-14,841.0,32002.1,161840.16,0.10606,0.10606
2005-07-17,833.0,31553.21,161840.16,0.04478,0.04478
2005-07-18,835.61,31106.91,161840.16,0.01471,0.01471
2005-07-19,842.64,31195.22,161840.16,0.04348,0.04348
2005-07-20,843.99,31421.67,161840.16,0.07143,0.07143
2005-07-21,859.69,31403.86,161840.16,0.07042,0.07042
2005-07-24,856.86,32168.57,161840.16,0.20833,0.20833
2005-07-25,876.48,32102.96,161840.16,0.20548,0.20548
2005-07-26,894.01,32924.07,161840.16,0.31081,0.31081
2005-07-27,890.88,33509.97,161840.16,0.41333,0.41333
2005-07-28,888.16,33434.54,161840.16,0.36842,0.36842
2005-07-31,891.61,33292.06,161840.16,0.36364,0.36364
2005-08-01,903.6,33470.3,161840.16,0.39744,0.39744
2005-08-02,909.57,33965.94,161840.16,0.49367,0.49367
2005-08-03,904.15,34147.19,161840.16,0.5125,0.5125
2005-08-04,923.8,33970.5,161840.16,0.49383,0.49383
2005-08-07,927.47,34768.25,161840.16,0.71951,0.71951
2005-08-08,933.09,35093.35,161840.16,0.74699,0.74699
2005-08-09,940.37,35505.66,161840.16,0.79762,0.79762
2005-08-10,953.99,35884.71,161840.16,0.8,0.8
2005-08-11,938.32,36498.15,161840.16,0.83721,0.83721
2005-08-14,954.5,35997.68,161840.16,0.7931,0.7931
2005-08-15,945.06,36552.58,161840.16,0.84091,0.84091
2005-08-16,953.01,36258.53,161840.16,0.79775,0.79775
2005-08-17,920.67,36693.92,161840.16,0.86667,0.86667
2005-08-18,923.04,35264.14,161840.16,0.7033,0.7033
2005-08-21,931.67,35295.24,161840.16,0.70652,0.70652
2005-08-22,923.41,35559.76,161840.16,0.75269,0.75269
2005-08-23,930.65,35237.66,161840.16,0.68085,0.68085
2005-08-24,930.12,35735.26,161840.16,0.75789,0.75789
2005-08-25,928.26,35926.69,161840.16,0.77083,0.77083
2005-08-28,917.37,35932.53,161840.16,0.7732,0.7732
2005-08-29,914.88,35423.46,161840.16,0.69388,0.69388
2005-08-30,927.92,35158.68,161840.16,0.64646,0.64646
2005-08-31,944.56,35677.21,161840.16,0.74,0.74
2005-09-01,947.87,36374.56,161840.16,0.83168,0.83168
2005-09-04,952.72,36521.5,161840.16,0.84314,0.84314
2005-09-05,936.61,36785.18,161840.16,0.8932,0.8932
2005-09-06,952.76,36091.64,161840.16,0.77885,0.77885
2005-09-07,955.28,36793.45,161840.16,0.89524,0.89524
2005-09-08,949.07,36804.78,161840.16,0.89623,0.89623
2005-09-11,949.51,36624.68,161840.16,0.84112,0.84112
2005-09-12,963.77,36603.02,161840.16,0.83333,0.83333
2005-09-13,970.19,37228.5,161840.16,0.91743,0.91743
2005-09-14,969.6,37548.8,161840.16,0.91818,0.91818
2005-09-15,967.5,37563.54,161840.16,0.92793,0.92793
2005-09-18,971.14,37453.87,161840.16,0.90179,0.90179
2005-09-19,961.92,37700.34,161840.16,0.93805,0.93805
2005-09-20,944.41,37435.38,161840.16,0.88596,0.88596
2005-09-21,923.27,36694.05,161840.16,0.81739,0.81739
2005-09-22,916.15,35751.26,161840.16,0.65517,0.65517
2005-09-25,918.49,35457.07,161840.16,0.60684,0.60684
2005-09-26,904.21,35566.53,161840.16,0.63559,0.63559
2005-09-27,903.72,34879.48,161840.16,0.5042,0.5042
2005-09-28,915.98,34815.56,161840.16,0.5,0.5
2005-09-29,917.39,35531.44,161840.16,0.6281,0.6281
2005-10-09,907.32,35559.41,161840.16,0.63115,0.63115
2005-10-10,919.72,35057.49,161840.16,0.52033,0.52033
2005-10-11,923.49,35630.62,161840.16,0.65323,0.65323
2005-10-12,916.5,35792.66,161840.16,0.68,0.68
2005-10-13,904.83,35517.44,161840.16,0.61111,0.61111
2005-10-16,897.62,35122.33,161840.16,0.51969,0.51969
2005-10-17,902.37,34895.38,161840.16,0.48438,0.48438
2005-10-18,898.74,35227.86,161840.16,0.54264,0.54264
2005-10-19,899.91,35024.14,161840.16,0.49231,0.49231
2005-10-20,904.41,35057.11,161840.16,0.50382,0.50382
2005-10-23,906.65,35248.81,161840.16,0.56061,0.56061
2005-10-24,894.27,35196.27,161840.16,0.54135,0.54135
2005-10-25,875.82,34649.24,161840.16,0.41045,0.41045
2005-10-26,875.85,33706.93,161840.16,0.27407,0.27407
2005-10-27,867.73,33674.88,161840.16,0.27206,0.27206
2005-10-30,876.28,33043.61,161840.16,0.18248,0.18248
2005-10-31,872.87,33370.08,161840.16,0.21739,0.21739
2005-11-01,882.48,33284.34,161840.16,0.20863,0.20863
2005-11-02,874.58,33735.02,161840.16,0.3,0.3
2005-11-03,878.36,33444.62,161840.16,0.23404,0.23404
2005-11-06,877.28,33576.45,161840.16,0.27465,0.27465
2005-11-07,881.52,33575.06,161840.16,0.27273,0.27273
2005-11-08,879.25,33822.39,161840.16,0.32639,0.32639
2005-11-09,862.97,33735.79,161840.16,0.31724,0.31724
2005-11-10,864.79,33069.41,161840.16,0.17808,0.17808
2005-11-13,862.15,33122.91,161840.16,0.18367,0.18367
2005-11-14,856.63,33063.75,161840.16,0.17568,0.17568
2005-11-15,863.12,32985.79,161840.16,0.16779,0.16779
2005-11-16,862.66,33231.0,161840.16,0.20667,0.20667
2005-11-17,882.24,33214.19,161840.16,0.2053,0.2053
2005-11-20,883.87,33873.86,161840.16,0.36842,0.36842
2005-11-21,869.62,33894.24,161840.16,0.37255,0.37255
2005-11-22,876.23,33244.97,161840.16,0.22078,0.22078
2005-11-23,881.49,33445.61,161840.16,0.26452,0.26452
2005-11-24,884.11,33621.16,161840.16,0.32051,0.32051
2005-11-27,880.17,33646.39,161840.16,0.33121,0.33121
2005-11-28,871.31,33523.0,161840.16,0.29747,0.29747
2005-11-29,873.83,33116.37,161840.16,0.18239,0.18239
2005-11-30,873.07,33128.71,161840.16,0.19375,0.19375
2005-12-01,869.94,33090.7,161840.16,0.18012,0.18012
2005-12-04,859.61,32902.21,161840.16,0.14198,0.14198
2005-12-05,866.08,32371.33,161840.16,0.11656,0.11656
2005-12-06,873.84,32607.74,161840.16,0.14024,0.14024
2005-12-07,874.06,32946.42,161840.16,0.16364,0.16364
2005-12-08,887.36,32933.04,161840.16,0.16265,0.16265
2005-12-11,888.52,33369.47,161840.16,0.27545,0.27545
2005-12-12,889.1,33467.78,161840.16,0.30952,0.30952
2005-12-13,898.15,33549.57,161840.16,0.3432,0.3432
2005-12-14,896.43,33760.82,161840.16,0.40588,0.40588
2005-12-15,902.56,33693.74,161840.16,0.38596,0.38596
2005-12-18,902.91,33845.35,161840.16,0.42442,0.42442
2005-12-19,907.32,33945.66,161840.16,0.44509,0.44509
2005-12-20,903.14,34041.17,161840.16,0.45977,0.45977
2005-12-21,908.75,33823.61,161840.16,0.41714,0.41714
2005-12-22,915.89,33966.85,161840.16,0.45455,0.45455
2005-12-25,922.38,34253.22,161840.16,0.48588,0.48588
2005-12-26,919.36,34595.07,161840.16,0.55056,0.55056
2005-12-27,920.92,34481.93,161840.16,0.52514,0.52514
2005-12-28,932.03,34566.1,161840.16,0.55,0.55
2005-12-29,923.45,34946.17,161840.16,0.60773,0.60773
2006-01-03,941.43,34607.84,187318.9,0.00549,0.00549
2006-01-04,959.13,35034.82,187318.9,0.01093,0.01093
2006-01-05,970.03,35555.05,187318.9,0.0163,0.0163
2006-01-08,975.25,35852.03,187318.9,0.02162,0.02162
2006-01-09,978.15,36058.97,187318.9,0.03763,0.03763
2006-01-10,973.48,36213.91,187318.9,0.04813,0.04813
2006-01-11,983.72,35909.17,187318.9,0.0266,0.0266
2006-01-12,978.81,36378.54,187318.9,0.07407,0.07407
2006-01-15,961.44,36237.37,187318.9,0.05789,0.05789
2006-01-16,964.29,35725.67,187318.9,0.02094,0.02094
2006-01-17,983.62,35881.22,187318.9,0.03125,0.03125
2006-01-18,991.22,36566.82,187318.9,0.09845,0.09845
2006-01-19,993.34,37002.31,187318.9,0.12371,0.12371
2006-01-22,996.16,37100.86,187318.9,0.13333,0.13333
2006-01-23,999.09,37113.07,187318.9,0.13776,0.13776
2006-01-24,1009.6,37081.89,187318.9,0.13198,0.13198
2006-02-05,1033.23,37214.04,187318.9,0.16162,0.16162
2006-02-06,1029.94,38071.06,187318.9,0.21106,0.21106
2006-02-07,1033.07,37946.41,187318.9,0.21,0.21
2006-02-08,1019.6,38144.71,187318.9,0.23881,0.23881
2006-02-09,1032.34,37592.85,187318.9,0.19307,0.19307
2006-02-12,1031.61,37970.6,187318.9,0.21675,0.21675
2006-02-13,1038.53,37841.67,187318.9,0.21078,0.21078
2006-02-14,1041.66,38022.96,187318.9,0.22439,0.22439
2006-02-15,1020.12,38340.08,187318.9,0.29612,0.29612
2006-02-16,1020.37,37481.31,187318.9,0.18357,0.18357
2006-02-19,1021.64,37338.32,187318.9,0.16827,0.16827
2006-02-20,1038.82,37148.8,187318.9,0.14354,0.14354
2006-02-21,1037.88,37739.75,187318.9,0.20952,0.20952
2006-02-22,1041.37,37659.57,187318.9,0.20853,0.20853
2006-02-23,1049.44,37752.93,187318.9,0.22642,0.22642
2006-02-26,1047.85,37983.71,187318.9,0.24413,0.24413
2006-02-27,1053.01,37872.4,187318.9,0.23364,0.23364
2006-02-28,1056.62,37876.57,187318.9,0.23721,0.23721
2006-03-01,1038.67,38057.64,187318.9,0.25926,0.25926
2006-03-02,1041.68,37389.47,187318.9,0.17051,0.17051
2006-03-05,1038.87,37551.03,187318.9,0.19266,0.19266
2006-03-06,1014.97,37407.14,187318.9,0.17352,0.17352
2006-03-07,1009.27,36501.27,187318.9,0.08182,0.08182
2006-03-08,1004.34,36179.33,187318.9,0.0543,0.0543
2006-03-09,1008.9,36023.81,187318.9,0.04054,0.04054
2006-03-12,1019.86,36045.08,187318.9,0.04484,0.04484
2006-03-13,1018.27,36602.83,187318.9,0.10714,0.10714
2006-03-14,1028.96,36574.1,187318.9,0.10667,0.10667
2006-03-15,1027.62,36997.68,187318.9,0.13274,0.13274
2006-03-16,1024.02,36983.66,187318.9,0.13216,0.13216
2006-03-19,1037.66,36790.34,187318.9,0.11842,0.11842
2006-03-20,1040.76,37297.04,187318.9,0.19651,0.19651
2006-03-21,1047.67,37338.43,187318.9,0.20435,0.20435
2006-03-22,1048.54,37532.98,187318.9,0.23377,0.23377
2006-03-23,1042.6,37707.46,187318.9,0.25862,0.25862
2006-03-26,1050.71,37506.68,187318.9,0.23176,0.23176
2006-03-27,1055.98,37661.55,187318.9,0.26068,0.26068
2006-03-28,1065.29,37703.01,187318.9,0.26383,0.26383
2006-03-29,1055.63,37861.04,187318.9,0.29237,0.29237
2006-03-30,1061.09,37547.02,187318.9,0.23629,0.23629
2006-04-02,1079.32,37605.17,187318.9,0.2521,0.2521
2006-04-03,1089.37,38135.84,187318.9,0.35146,0.35146
2006-04-04,1099.97,38428.54,187318.9,0.4,0.4
2006-04-05,1103.24,38665.65,187318.9,0.44398,0.44398
2006-04-06,1103.15,38711.47,187318.9,0.45868,0.45868
2006-04-09,1117.91,38816.42,187318.9,0.48971,0.48971
2006-04-10,1123.31,39346.22,187318.9,0.59016,0.59016
2006-04-11,1117.07,39426.26,187318.9,0.59592,0.59592
2006-04-12,1093.92,39320.52,187318.9,0.58537,0.58537
2006-04-13,1118.61,38511.73,187318.9,0.417,0.417
2006-04-16,1124.41,39298.59,187318.9,0.57258,0.57258
2006-04-17,1131.28,39712.9,187318.9,0.63052,0.63052
2006-04-18,1138.24,39874.7,187318.9,0.648,0.648
2006-04-19,1134.38,40034.96,187318.9,0.67331,0.67331
2006-04-20,1149.16,39730.04,187318.9,0.63095,0.63095
2006-04-23,1142.7,39985.31,187318.9,0.66403,0.66403
2006-04-24,1141.93,39392.62,187318.9,0.58268,0.58268
2006-04-25,1155.73,39201.65,187318.9,0.5451,0.5451
2006-04-26,1155.27,39630.81,187318.9,0.60547,0.60547
2006-04-27,1172.35,39663.59,187318.9,0.61479,0.61479
2006-05-07,1218.44,40209.48,187318.9,0.70155,0.70155
2006-05-08,1251.61,41801.26,187318.9,0.86873,0.86873
2006-05-09,1265.93,42820.55,187318.9,0.93846,0.93846
2006-05-10,1255.04,43254.73,187318.9,0.94636,0.94636
2006-05-11,1296.26,42960.85,187318.9,0.93893,0.93893
2006-05-14,1352.15,44607.94,187318.9,0.98479,0.98479
2006-05-15,1331.13,46402.53,187318.9,1.0,1.0
2006-05-16,1335.52,45081.73,187318.9,0.98491,0.98491
2006-05-17,1331.2,45356.27,187318.9,0.99624,0.99624
2006-05-18,1366.1,45239.42,187318.9,0.98502,0.98502
2006-05-21,1373.67,46749.38,187318.9,1.0,1.0
2006-05-22,1317.65,46750.1,187318.9,1.0,1.0
2006-05-23,1308.24,45204.2,187318.9,0.97407,0.97407
2006-05-24,1307.7,44812.45,187318.9,0.9631,0.9631
2006-05-25,1331.02,44373.95,187318.9,0.94853,0.94853
2006-05-28,1366.29,45067.54,187318.9,0.96337,0.96337
2006-05-29,1378.76,46026.42,187318.9,0.98905,0.98905
2006-05-30,1365.45,46322.47,187318.9,0.98909,0.98909
2006-05-31,1402.88,45879.85,187318.9,0.98188,0.98188
2006-06-01,1390.12,47131.85,187318.9,1.0,1.0
2006-06-04,1403.16,46716.26,187318.9,0.98921,0.98921
2006-06-05,1399.14,47211.0,187318.9,1.0,1.0
2006-06-06,1320.23,46992.01,187318.9,0.99286,0.99286
2006-06-07,1325.98,44343.52,187318.9,0.91815,0.91815
2006-06-08,1294.18,44356.49,187318.9,0.91844,0.91844
2006-06-11,1297.67,43300.32,187318.9,0.87986,0.87986
2006-06-12,1298.28,43370.15,187318.9,0.88732,0.88732
2006-06-13,1283.88,43279.0,187318.9,0.87368,0.87368
2006-06-14,1285.38,42710.73,187318.9,0.84965,0.84965
2006-06-15,1318.01,42757.17,187318.9,0.85017,0.85017
2006-06-18,1334.89,43903.35,187318.9,0.90625,0.90625
2006-06-19,1338.22,44331.64,187318.9,0.91349,0.91349
2006-06-20,1333.53,44471.6,187318.9,0.92414,0.92414
2006-06-21,1331.55,44637.83,187318.9,0.93127,0.93127
2006-06-22,1339.45,44536.67,187318.9,0.92466,0.92466
2006-06-25,1363.41,44968.37,187318.9,0.93857,0.93857
2006-06-26,1363.9,45749.58,187318.9,0.96599,0.96599
2006-06-27,1362.88,46029.3,187318.9,0.97288,0.97288
2006-06-28,1395.12,45962.57,187318.9,0.96622,0.96622
2006-06-29,1393.96,46865.04,187318.9,0.9899,0.9899
2006-07-02,1420.33,46988.06,187318.9,0.98993,0.98993
2006-07-03,1411.01,47705.64,187318.9,1.0,1.0
2006-07-04,1393.01,47261.17,187318.9,0.99667,0.99667
2006-07-05,1418.67,56291.4,187318.9,1.0,1.0
2006-07-06,1410.43,57038.84,187318.9,1.0,1.0
2006-07-09,1412.12,56730.02,187318.9,0.9967,0.9967
2006-07-10,1418.58,56913.87,187318.9,0.99671,0.99671
2006-07-11,1419.2,57276.76,187318.9,1.0,1.0
2006-07-12,1346.09,57103.0,187318.9,0.99673,0.99673
2006-07-13,1357.13,54295.12,187318.9,0.98046,0.98046
2006-07-16,1372.25,54534.55,187318.9,0.98052,0.98052
2006-07-17,1373.42,55117.19,187318.9,0.98058,0.98058
2006-07-18,1336.64,55194.46,187318.9,0.98065,0.98065
2006-07-19,1345.19,53889.27,187318.9,0.96785,0.96785
2006-07-20,1356.03,54190.33,187318.9,0.96795,0.96795
2006-07-23,1358.12,54480.16,187318.9,0.97125,0.97125
2006-07-24,1374.17,54446.65,187318.9,0.96815,0.96815
2006-07-25,1371.3,55095.35,187318.9,0.9746,0.9746
2006-07-26,1355.55,55055.34,187318.9,0.97152,0.97152
2006-07-27,1341.39,54585.38,187318.9,0.96845,0.96845
2006-07-30,1294.33,54074.69,187318.9,0.94969,0.94969
2006-07-31,1282.06,52371.31,187318.9,0.94357,0.94357
2006-08-01,1275.09,52493.69,187318.9,0.94375,0.94375
2006-08-02,1271.74,52481.3,187318.9,0.94081,0.94081
2006-08-03,1241.91,52422.39,187318.9,0.93789,0.93789
2006-08-06,1224.1,51314.05,187318.9,0.93189,0.93189
2006-08-07,1252.39,50492.92,187318.9,0.92901,0.92901
2006-08-08,1251.3,51642.11,187318.9,0.93231,0.93231
2006-08-09,1271.47,51563.89,187318.9,0.92945,0.92945
2006-08-10,1275.65,52451.78,187318.9,0.93884,0.93884
2006-08-13,1245.72,52462.54,187318.9,0.93902,0.93902
2006-08-14,1265.86,51273.34,187318.9,0.91793,0.91793
2006-08-15,1283.57,52098.73,187318.9,0.92727,0.92727
2006-08-16,1271.63,52831.09,187318.9,0.94562,0.94562
2006-08-17,1267.87,52401.31,187318.9,0.92771,0.92771
2006-08-20,1270.56,52476.86,187318.9,0.93694,0.93694
2006-08-21,1285.27,52586.61,187318.9,0.94311,0.94311
2006-08-22,1285.68,52990.14,187318.9,0.94627,0.94627
2006-08-23,1292.4,52993.19,187318.9,0.94643,0.94643
2006-08-24,1295.44,53306.57,187318.9,0.94659,0.94659
2006-08-27,1325.89,53349.5,187318.9,0.94675,0.94675
2006-08-28,1330.15,54416.09,187318.9,0.9587,0.9587
2006-08-29,1334.67,54483.66,187318.9,0.96471,0.96471
2006-08-30,1338.69,54665.5,187318.9,0.97067,0.97067
2006-08-31,1318.1,54765.63,187318.9,0.97076,0.97076
2006-09-03,1337.24,54037.1,187318.9,0.93878,0.93878
2006-09-04,1340.68,54737.43,187318.9,0.96802,0.96802
2006-09-05,1346.37,54860.97,187318.9,0.97101,0.97101
2006-09-06,1328.38,55139.33,187318.9,0.97977,0.97977
2006-09-07,1332.15,54695.93,187318.9,0.95965,0.95965
2006-09-10,1338.76,54884.3,187318.9,0.96839,0.96839
2006-09-11,1347.64,55110.35,187318.9,0.97421,0.97421
2006-09-12,1338.39,55766.94,187318.9,0.98286,0.98286
2006-09-13,1338.28,55452.78,187318.9,0.98006,0.98006
2006-09-14,1362.32,55434.12,187318.9,0.97727,0.97727
2006-09-17,1375.56,56482.79,187318.9,0.98584,0.98584
2006-09-18,1378.31,56919.67,187318.9,0.99153,0.99153
2006-09-19,1378.46,56976.69,187318.9,0.99155,0.99155
2006-09-20,1387.37,56926.93,187318.9,0.98876,0.98876
2006-09-21,1374.85,57182.98,187318.9,0.9972,0.9972
2006-09-24,1372.4,56926.69,187318.9,0.98324,0.98324
2006-09-25,1357.65,56823.45,187318.9,0.97493,0.97493
2006-09-26,1371.12,56506.14,187318.9,0.96944,0.96944
2006-09-27,1387.0,56887.48,187318.9,0.97507,0.97507
2006-09-28,1403.27,57371.8,187318.9,1.0,1.0
2006-10-08,1436.07,57857.4,187318.9,1.0,1.0
2006-10-09,1437.24,58968.31,187318.9,1.0,1.0
2006-10-10,1435.91,57692.04,187318.9,0.99452,0.99452
2006-10-11,1426.5,57853.53,187318.9,0.99454,0.99454
2006-10-12,1430.88,57521.23,187318.9,0.9891,0.9891
2006-10-15,1418.52,57739.11,187318.9,0.99185,0.99185
2006-10-16,1414.45,57455.78,187318.9,0.98374,0.98374
2006-10-17,1437.59,57232.39,187318.9,0.97568,0.97568
2006-10-18,1439.38,58011.14,187318.9,0.9973,0.9973
2006-10-19,1440.18,58177.87,187318.9,0.99731,0.99731
2006-10-22,1408.71,58102.8,187318.9,0.99464,0.99464
2006-10-23,1440.05,57007.85,187318.9,0.95722,0.95722
2006-10-24,1446.83,58423.78,187318.9,0.99733,0.99733
2006-10-25,1456.1,58499.94,187318.9,0.99734,0.99734
2006-10-26,1439.05,59366.53,187318.9,1.0,1.0
2006-10-29,1446.24,69386.9,187318.9,1.0,1.0
2006-10-30,1464.47,69457.11,187318.9,1.0,1.0
2006-10-31,1479.41,70451.8,187318.9,1.0,1.0
2006-11-01,1479.66,71065.76,187318.9,1.0,1.0
2006-11-02,1488.29,70879.85,187318.9,0.99738,0.99738
2006-11-05,1507.89,71449.39,187318.9,1.0,1.0
2006-11-06,1516.1,72133.05,187318.9,1.0,1.0
2006-11-07,1498.17,72201.78,187318.9,1.0,1.0
2006-11-08,1524.71,71392.63,187318.9,0.99223,0.99223
2006-11-09,1504.06,72595.4,187318.9,1.0,1.0
2006-11-12,1475.78,71961.37,187318.9,0.99227,0.99227
2006-11-13,1493.78,71060.44,187318.9,0.98201,0.98201
2006-11-14,1534.76,71958.41,187318.9,0.98974,0.98974
2006-11-15,1533.29,73351.76,187318.9,1.0,1.0
2006-11-16,1562.08,74259.55,187318.9,1.0,1.0
2006-11-19,1593.16,75363.59,187318.9,1.0,1.0
2006-11-20,1612.25,76974.43,187318.9,1.0,1.0
2006-11-21,1624.03,77695.59,187318.9,1.0,1.0
2006-11-22,1634.91,77915.27,187318.9,1.0,1.0
2006-11-23,1636.58,78732.75,187318.9,1.0,1.0
2006-11-26,1651.8,78413.1,187318.9,0.99749,0.99749
2006-11-27,1644.01,78415.14,187318.9,0.99749,0.99749
2006-11-28,1667.14,78174.41,187318.9,0.9925,0.9925
2006-11-29,1714.36,78946.05,187318.9,1.0,1.0
2006-11-30,1729.22,80749.33,187318.9,1.0,1.0
2006-12-03,1780.74,81037.0,187318.9,1.0,1.0
2006-12-04,1794.23,83223.86,187318.9,1.0,1.0
2006-12-05,1779.41,83868.39,187318.9,1.0,1.0
2006-12-06,1775.71,83097.78,187318.9,0.99507,0.99507
2006-12-07,1711.58,83082.31,187318.9,0.99263,0.99263
2006-12-10,1789.92,80786.92,187318.9,0.98775,0.98775
2006-12-11,1802.79,84064.7,187318.9,1.0,1.0
2006-12-12,1803.86,85434.38,187318.9,1.0,1.0
2006-12-13,1836.14,85616.99,187318.9,1.0,1.0
2006-12-14,1867.64,86589.19,187318.9,1.0,1.0
2006-12-17,1916.11,87686.29,187318.9,1.0,1.0
2006-12-18,1921.44,89950.02,187318.9,1.0,1.0
2006-12-19,1936.55,91126.54,187318.9,1.0,1.0
2006-12-20,1908.98,92024.71,187318.9,1.0,1.0
2006-12-21,1895.64,90862.97,187318.9,0.9952,0.9952
2006-12-24,1939.1,91123.1,187318.9,0.99522,0.99522
2006-12-25,1938.24,94523.32,187318.9,1.0,1.0
2006-12-26,1982.88,96023.01,187318.9,1.0,1.0
2006-12-27,1979.93,98089.38,187318.9,1.0,1.0
2006-12-28,2041.05,99172.57,187318.9,1.0,1.0
2007-01-03,2067.09,103255.7,219438.5,0.97872,0.97872
2007-01-04,2072.88,104755.38,219438.5,0.97877,0.97877
2007-01-07,2131.56,102153.74,219438.5,0.97176,0.97176
2007-01-08,2200.09,104700.46,219438.5,0.97653,0.97653
2007-01-09,2255.97,119433.22,219438.5,1.0,1.0
2007-01-10,2231.63,120569.2,219438.5,1.0,1.0
2007-01-11,2173.75,118338.48,219438.5,0.99534,0.99534
2007-01-14,2287.34,115076.65,219438.5,0.9907,0.9907
2007-01-15,2353.87,121208.08,219438.5,1.0,1.0
2007-01-16,2308.93,123037.05,219438.5,1.0,1.0
2007-01-17,2317.09,121395.07,219438.5,0.99769,0.99769
2007-01-18,2396.09,120402.48,219438.5,0.99078,0.99078
2007-01-21,2491.31,123707.59,219438.5,1.0,1.0
2007-01-22,2508.13,128432.46,219438.5,1.0,1.0
2007-01-23,2536.43,129078.28,219438.5,1.0,1.0
2007-01-24,2452.83,130048.57,219438.5,1.0,1.0
2007-01-25,2512.92,124710.82,219438.5,0.99317,0.99317
2007-01-28,2576.92,125976.73,219438.5,0.99318,0.99318
2007-01-29,2551.88,128674.93,219438.5,0.99546,0.99546
2007-01-30,2385.34,128018.04,219438.5,0.99095,0.99095
2007-01-31,2395.17,121697.43,219438.5,0.97968,0.97968
2007-02-01,2298.0,121747.86,219438.5,0.97973,0.97973
2007-02-04,2271.8,116974.68,219438.5,0.9618,0.9618
2007-02-05,2316.04,115754.44,219438.5,0.9574,0.9574
2007-02-06,2369.79,118493.04,219438.5,0.96421,0.96421
2007-02-07,2410.6,120330.84,219438.5,0.96652,0.96652
2007-02-08,2397.24,121342.62,219438.5,0.97327,0.97327
2007-02-11,2485.39,121033.44,219438.5,0.96889,0.96889
2007-02-12,2522.63,124491.77,219438.5,0.98448,0.98448
2007-02-13,2588.35,125672.15,219438.5,0.98673,0.98673
2007-02-14,2668.63,128867.13,219438.5,0.99558,0.99558
2007-02-15,2676.74,132917.72,219438.5,1.0,1.0
2007-02-25,2707.68,133419.58,219438.5,1.0,1.0
2007-02-26,2457.49,135440.72,219438.5,1.0,1.0
2007-02-27,2544.57,123743.52,219438.5,0.97155,0.97155
2007-02-28,2473.54,128775.02,219438.5,0.9869,0.9869
2007-03-01,2508.73,128537.87,219438.5,0.98257,0.98257
2007-03-04,2475.61,130114.34,219438.5,0.99348,0.99348
2007-03-05,2520.29,128212.41,219438.5,0.97614,0.97614
2007-03-06,2589.44,130583.09,219438.5,0.99351,0.99351
2007-03-07,2627.63,133215.71,219438.5,0.99568,0.99568
2007-03-08,2611.39,134687.74,219438.5,0.99784,0.99784
2007-03-11,2616.17,135064.54,219438.5,0.99785,0.99785
2007-03-12,2640.17,135895.14,219438.5,1.0,1.0
2007-03-13,2597.36,136508.05,219438.5,1.0,1.0
2007-03-14,2645.55,134161.45,219438.5,0.98932,0.98932
2007-03-15,2604.23,136227.99,219438.5,0.99787,0.99787
2007-03-18,2659.41,135249.45,219438.5,0.99149,0.99149
2007-03-19,2672.77,138876.17,219438.5,1.0,1.0
2007-03-20,2702.6,139815.89,219438.5,1.0,1.0
2007-03-21,2711.32,141062.97,219438.5,1.0,1.0
2007-03-22,2716.27,141663.94,219438.5,1.0,1.0
2007-03-25,2764.03,141982.03,219438.5,1.0,1.0
2007-03-26,2784.02,144301.48,219438.5,1.0,1.0
2007-03-27,2797.65,145057.15,219438.5,1.0,1.0
2007-03-28,2783.3,146404.94,219438.5,1.0,1.0
2007-03-29,2781.78,147332.71,219438.5,1.0,1.0
2007-04-01,2850.11,146896.91,219438.5,0.99792,0.99792
2007-04-02,2888.11,150108.27,219438.5,1.0,1.0
2007-04-03,2911.82,151956.19,219438.5,1.0,1.0
2007-04-04,2945.05,152108.98,219438.5,1.0,1.0
2007-04-05,2972.01,153499.29,219438.5,1.0,1.0
2007-04-08,3038.17,154007.19,219438.5,1.0,1.0
2007-04-09,3081.57,157436.48,219438.5,1.0,1.0
2007-04-10,3121.32,159611.28,219438.5,1.0,1.0
2007-04-11,3176.44,161867.14,219438.5,1.0,1.0
2007-04-12,3169.23,163772.92,219438.5,1.0,1.0
2007-04-15,3256.0,163382.06,219438.5,0.99796,0.99796
2007-04-16,3283.6,167049.87,219438.5,1.0,1.0
2007-04-17,3304.5,168052.75,219438.5,1.0,1.0
2007-04-18,3150.3,168795.11,219438.5,1.0,1.0
2007-04-19,3289.28,161120.49,219438.5,0.98785,0.98785
2007-04-22,3431.32,167550.78,219438.5,0.99596,0.99596
2007-04-23,3445.2,173735.68,219438.5,1.0,1.0
2007-04-24,3448.28,173822.2,219438.5,1.0,1.0
2007-04-25,3493.58,174713.88,219438.5,1.0,1.0
2007-04-26,3470.52,176715.54,219438.5,1.0,1.0
2007-04-29,3558.71,179719.34,219438.5,1.0,1.0
2007-05-07,3686.03,184391.57,219438.5,1.0,1.0
2007-05-08,3701.28,189769.55,219438.5,1.0,1.0
2007-05-09,3724.51,192827.14,219438.5,1.0,1.0
2007-05-10,3702.61,194539.31,219438.5,1.0,1.0
2007-05-13,3734.42,193217.91,219438.5,0.99802,0.99802
2007-05-14,3604.64,194384.0,219438.5,0.99802,0.99802
2007-05-15,3700.29,194176.91,219438.5,0.99606,0.99606
2007-05-16,3778.61,198173.77,219438.5,1.0,1.0
2007-05-17,3776.63,201290.41,219438.5,1.0,1.0
2007-05-20,3831.44,200807.39,219438.5,0.99804,0.99804
2007-05-21,3870.49,203022.6,219438.5,1.0,1.0
2007-05-22,3938.95,205209.94,219438.5,1.0,1.0
2007-05-23,3919.75,208583.22,219438.5,1.0,1.0
2007-05-24,3985.25,207716.52,219438.5,0.99805,0.99805
2007-05-27,4072.58,209221.79,219438.5,1.0,1.0
2007-05-28,4168.29,213776.21,219438.5,1.0,1.0
2007-05-29,3886.46,217267.88,219438.5,1.0,1.0
2007-05-30,3927.95,203103.0,219438.5,0.98842,0.98842
2007-05-31,3803.95,205521.27,219438.5,0.99037,0.99037
2007-06-03,3511.43,199610.33,219438.5,0.97885,0.97885
2007-06-04,3634.63,183174.52,219438.5,0.96161,0.96161
2007-06-05,3677.58,187866.14,219438.5,0.9636,0.9636
2007-06-06,3802.3,188846.13,219438.5,0.96367,0.96367
2007-06-07,3837.87,194563.39,219438.5,0.97519,0.97519
2007-06-10,3931.86,196057.99,219438.5,0.97524,0.97524
2007-06-11,4036.11,200267.87,219438.5,0.97909,0.97909
2007-06-12,4118.27,204102.31,219438.5,0.98672,0.98672
2007-06-13,4075.82,209364.1,219438.5,0.99621,0.99621
2007-06-14,4099.38,206489.86,219438.5,0.98866,0.98866
2007-06-17,4227.57,207182.57,219438.5,0.98868,0.98868
2007-06-18,4253.0,213290.74,219438.5,0.99623,0.99623
2007-06-19,4157.6,214389.21,219438.5,0.99812,0.99812
2007-06-20,4197.28,209946.04,219438.5,0.9925,0.9925
2007-06-21,4051.43,212116.0,219438.5,0.99251,0.99251
2007-06-24,3877.59,205061.59,219438.5,0.97383,0.97383
2007-06-25,3928.21,197310.8,219438.5,0.95709,0.95709
2007-06-26,4040.48,200451.23,219438.5,0.96276,0.96276
2007-06-27,3858.52,205965.35,219438.5,0.9777,0.9777
2007-06-28,3764.08,197412.26,219438.5,0.95362,0.95362
2007-07-01,3757.66,194038.32,219438.5,0.94074,0.94074
2007-07-02,3832.23,194551.1,219438.5,0.9464,0.9464
2007-07-03,3743.58,197935.5,219438.5,0.95387,0.95387
2007-07-04,3537.43,193785.45,219438.5,0.93554,0.93554
2007-07-05,3710.28,183582.51,219438.5,0.92279,0.92279
2007-07-08,3821.3,192063.35,219438.5,0.93028,0.93028
2007-07-09,3775.62,197346.86,219438.5,0.95055,0.95055
2007-07-10,3789.87,195443.3,219438.5,0.94516,0.94516
2007-07-11,3816.92,196286.38,219438.5,0.94708,0.94708
2007-07-12,3820.12,199252.12,219438.5,0.95628,0.95628
2007-07-15,3697.97,199018.01,219438.5,0.95455,0.95455
2007-07-16,3789.65,194405.15,219438.5,0.93285,0.93285
2007-07-17,3807.57,198245.92,219438.5,0.9529,0.9529
2007-07-18,3807.0,199714.53,219438.5,0.95841,0.95841
2007-07-19,3971.88,199809.42,219438.5,0.95848,0.95848
2007-07-22,4156.72,207357.02,219438.5,0.98198,0.98198
2007-07-23,4161.35,215444.78,219438.5,0.9982,0.9982
2007-07-24,4255.46,215397.15,219438.5,0.99641,0.99641
2007-07-25,4303.19,221322.94,219438.5,1.0,1.0
2007-07-26,4307.14,222611.13,219438.5,1.0,1.0
2007-07-29,4410.3,222955.42,219438.5,1.0,1.0
2007-07-30,4460.56,227819.56,219438.5,1.0,1.0
2007-07-31,4290.48,229501.66,219438.5,1.0,1.0
2007-08-01,4436.19,221006.59,219438.5,0.99112,0.99112
2007-08-02,4598.38,227005.2,219438.5,0.99645,0.99645
2007-08-05,4703.98,234714.06,219438.5,1.0,1.0
2007-08-06,4724.55,238304.26,219438.5,1.0,1.0
2007-08-07,4668.09,239306.29,219438.5,1.0,1.0
2007-08-08,4777.29,239780.76,219438.5,1.0,1.0
2007-08-09,4726.68,244328.71,219438.5,1.0,1.0
2007-08-12,4721.19,243596.56,219438.5,0.99825,0.99825
2007-08-13,4795.57,246801.23,219438.5,1.0,1.0
2007-08-14,4798.75,249582.9,219438.5,1.0,1.0
2007-08-15,4721.94,249256.35,219438.5,0.99825,0.99825
2007-08-16,4626.58,244782.03,219438.5,0.99477,0.99477
2007-08-19,4885.43,239594.67,219438.5,0.98783,0.98783
2007-08-20,4972.71,251960.22,219438.5,1.0,1.0
2007-08-21,5051.69,254782.56,219438.5,1.0,1.0
2007-08-22,5135.93,256471.54,219438.5,1.0,1.0
2007-08-23,5217.58,259338.99,219438.5,1.0,1.0
2007-08-26,5243.15,263211.47,219438.5,1.0,1.0
2007-08-27,5251.77,266029.71,219438.5,1.0,1.0
2007-08-28,5171.82,268292.63,219438.5,1.0,1.0
2007-08-29,5241.23,263695.85,219438.5,0.99657,0.99657
2007-08-30,5296.81,266906.77,219438.5,0.99829,0.99829
2007-09-02,5419.17,269692.22,219438.5,1.0,1.0
2007-09-03,5360.33,274835.25,219438.5,1.0,1.0
2007-09-04,5363.25,273084.33,219438.5,0.9983,0.9983
2007-09-05,5412.04,274114.65,219438.5,0.9983,0.9983
2007-09-06,5294.8,278087.31,219438.5,1.0,1.0
2007-09-09,5377.22,272165.22,219438.5,0.99322,0.99322
2007-09-10,5124.09,276159.61,219438.5,0.99831,0.99831
2007-09-11,5202.86,263384.34,219438.5,0.98142,0.98142
2007-09-12,5349.97,266677.52,219438.5,0.98482,0.98482
2007-09-13,5397.28,272227.26,219438.5,0.99158,0.99158
2007-09-16,5498.91,274567.57,219438.5,0.99496,0.99496
2007-09-17,5476.84,280148.0,219438.5,1.0,1.0
2007-09-18,5419.27,280631.06,219438.5,1.0,1.0
2007-09-19,5494.91,280368.89,219438.5,0.99833,0.99833
2007-09-20,5468.1,285290.53,219438.5,1.0,1.0
2007-09-23,5513.9,284643.85,219438.5,0.99833,0.99833
2007-09-24,5454.61,286317.29,219438.5,1.0,1.0
2007-09-25,5361.02,303332.27,219438.5,1.0,1.0
2007-09-26,5427.66,298816.73,219438.5,0.99834,0.99834
2007-09-27,5580.81,304621.98,219438.5,1.0,1.0
2007-10-07,5653.14,314147.25,219438.5,1.0,1.0
2007-10-08,5675.93,322268.39,219438.5,1.0,1.0
2007-10-09,5685.76,337527.31,219438.5,1.0,1.0
2007-10-10,5760.08,341592.18,219438.5,1.0,1.0
2007-10-11,5737.22,350395.82,219438.5,1.0,1.0
2007-10-14,5821.45,350695.82,219438.5,1.0,1.0
2007-10-15,5877.2,355740.54,219438.5,1.0,1.0
2007-10-16,5824.12,359437.42,219438.5,1.0,1.0
2007-10-17,5615.75,355729.28,219438.5,0.99674,0.99674
2007-10-18,5614.06,343507.3,219438.5,0.99186,0.99186
2007-10-21,5472.68,343417.28,219438.5,0.99024,0.99024
2007-10-22,5540.09,334018.0,219438.5,0.98539,0.98539
2007-10-23,5588.01,340345.38,219438.5,0.98703,0.98703
2007-10-24,5333.79,343521.58,219438.5,0.99191,0.99191
2007-10-25,5394.81,328217.9,219438.5,0.98061,0.98061
2007-10-28,5508.36,330132.24,219438.5,0.98065,0.98065
2007-10-29,5596.07,339530.67,219438.5,0.9839,0.9839
2007-10-30,5688.54,349177.66,219438.5,0.99196,0.99196
2007-10-31,5605.23,353251.35,219438.5,0.99518,0.99518
2007-11-01,5472.93,351184.61,219438.5,0.99359,0.99359
2007-11-04,5360.31,343270.72,219438.5,0.9824,0.9824
2007-11-05,5317.55,415324.57,219438.5,1.0,1.0
2007-11-06,5350.63,402911.17,219438.5,0.99841,0.99841
2007-11-07,5093.67,407684.14,219438.5,0.99841,0.99841
2007-11-08,5040.52,388619.92,219438.5,0.99523,0.99523
2007-11-11,4978.25,387699.99,219438.5,0.99365,0.99365
2007-11-12,4939.24,377841.62,219438.5,0.99208,0.99208
2007-11-13,5145.89,376562.42,219438.5,0.99051,0.99051
2007-11-14,5081.11,394485.47,219438.5,0.99526,0.99526
2007-11-15,5007.66,390402.57,219438.5,0.99369,0.99369
2007-11-18,4994.42,388942.36,219438.5,0.99213,0.99213
2007-11-19,5069.38,386207.66,219438.5,0.98742,0.98742
2007-11-20,4997.62,389049.17,219438.5,0.99215,0.99215
2007-11-21,4772.62,383196.04,219438.5,0.98433,0.98433
2007-11-22,4856.16,366293.93,219438.5,0.97966,0.97966
2007-11-25,4800.08,370294.15,219438.5,0.97969,0.97969
2007-11-26,4711.15,365159.98,219438.5,0.9766,0.9766
2007-11-27,4648.75,358676.45,219438.5,0.97352,0.97352
2007-11-28,4842.07,354084.34,219438.5,0.9689,0.9689
2007-11-29,4737.41,368863.46,219438.5,0.97826,0.97826
2007-12-02,4772.67,359816.26,219438.5,0.97364,0.97364
2007-12-03,4829.21,362011.96,219438.5,0.97368,0.97368
2007-12-04,4965.95,365375.45,219438.5,0.97527,0.97527
2007-12-05,4971.06,375012.04,219438.5,0.97994,0.97994
2007-12-06,5041.35,374203.14,219438.5,0.97843,0.97843
2007-12-09,5133.56,378905.26,219438.5,0.98308,0.98308
2007-12-10,5140.0,384296.59,219438.5,0.98464,0.98464
2007-12-11,5077.39,384476.62,219438.5,0.98466,0.98466
2007-12-12,4884.3,380394.06,219438.5,0.98009,0.98009
2007-12-13,4977.65,369962.22,219438.5,0.96942,0.96942
2007-12-16,4857.29,373892.92,219438.5,0.97099,0.97099
2007-12-17,4829.91,364238.53,219438.5,0.96037,0.96037
2007-12-18,4946.28,361882.61,219438.5,0.95738,0.95738
2007-12-19,5037.19,370482.83,219438.5,0.9696,0.9696
2007-12-20,5101.85,377696.86,219438.5,0.97572,0.97572
2007-12-23,5207.13,382321.51,219438.5,0.9803,0.9803
2007-12-24,5216.81,391456.0,219438.5,0.99395,0.99395
2007-12-25,5265.03,392894.94,219438.5,0.99396,0.99396
2007-12-26,5367.53,395879.09,219438.5,0.99548,0.99548
2007-12-27,5338.27,402675.85,219438.5,0.99548,0.99548
2008-01-01,5385.1,400233.54,270232.3,0.91278,0.91278
2008-01-02,5422.03,402069.25,270232.3,0.91291,0.91291
2008-01-03,5483.65,405394.11,270232.3,0.91454,0.91454
2008-01-06,5556.59,408634.45,270232.3,0.91617,0.91617
2008-01-07,5528.05,410913.33,270232.3,0.91629,0.91629
2008-01-08,5613.76,410422.03,270232.3,0.91493,0.91493
2008-01-09,5672.15,414623.62,270232.3,0.91803,0.91803
2008-01-10,5699.15,416544.89,270232.3,0.91964,0.91964
2008-01-13,5731.76,418887.0,270232.3,0.92125,0.92125
2008-01-14,5696.45,420100.93,270232.3,0.92285,0.92285
2008-01-15,5505.72,416455.27,270232.3,0.91556,0.91556
2008-01-16,5365.62,405138.86,270232.3,0.90237,0.90237
2008-01-17,5414.47,394677.58,270232.3,0.89513,0.89513
2008-01-20,5145.73,397278.04,270232.3,0.89676,0.89676
2008-01-21,4753.87,377251.71,270232.3,0.89102,0.89102
2008-01-22,4975.11,349608.01,270232.3,0.88088,0.88088
2008-01-23,5027.21,360947.58,270232.3,0.88546,0.88546
2008-01-24,5077.43,362270.6,270232.3,0.88563,0.88563
2008-01-27,4731.88,365851.82,270232.3,0.8858,0.8858
2008-01-28,4762.08,339700.13,270232.3,0.86842,0.86842
2008-01-29,4710.65,342233.1,270232.3,0.87007,0.87007
2008-01-30,4620.4,339509.62,270232.3,0.86589,0.86589
2008-01-31,4571.94,336174.17,270232.3,0.85881,0.85881
2008-02-03,4950.12,334698.33,270232.3,0.85465,0.85465
2008-02-04,4921.83,361714.09,270232.3,0.88389,0.88389
2008-02-12,4816.08,356939.46,270232.3,0.88116,0.88116
2008-02-13,4880.25,348941.86,270232.3,0.8741,0.8741
2008-02-14,4813.31,353844.25,270232.3,0.88006,0.88006
2008-02-17,4910.99,349730.23,270232.3,0.87446,0.87446
2008-02-18,5020.75,355426.1,270232.3,0.8804,0.8804
2008-02-19,4908.72,362853.35,270232.3,0.88633,0.88633
2008-02-20,4876.03,355548.15,270232.3,0.87931,0.87931
2008-02-21,4702.24,352799.31,270232.3,0.87518,0.87518
2008-02-24,4519.78,341077.35,270232.3,0.85817,0.85817
2008-02-25,4515.53,327652.17,270232.3,0.83548,0.83548
2008-02-26,4639.77,330739.55,270232.3,0.84,0.84
2008-02-27,4622.06,338580.38,270232.3,0.85307,0.85307
2008-02-28,4674.55,336310.32,270232.3,0.84758,0.84758
2008-03-02,4790.74,340163.77,270232.3,0.85775,0.85775
2008-03-03,4671.15,347160.79,270232.3,0.86648,0.86648
2008-03-04,4628.72,339366.85,270232.3,0.85106,0.85106
2008-03-05,4685.03,336232.81,270232.3,0.84136,0.84136
2008-03-06,4621.69,341297.29,270232.3,0.85856,0.85856
2008-03-09,4431.59,336522.03,270232.3,0.84322,0.84322
2008-03-10,4441.18,325731.7,270232.3,0.82228,0.82228
2008-03-11,4309.65,328005.39,270232.3,0.82535,0.82535
2008-03-12,4198.96,320551.18,270232.3,0.81575,0.81575
2008-03-13,4157.87,312626.27,270232.3,0.81039,0.81039
2008-03-16,3965.28,311489.96,270232.3,0.80926,0.80926
2008-03-17,3763.95,299344.82,270232.3,0.79832,0.79832
2008-03-18,3888.86,286294.53,270232.3,0.79021,0.79021
2008-03-19,4001.83,293957.65,270232.3,0.7933,0.7933
2008-03-20,4037.83,298145.07,270232.3,0.79777,0.79777
2008-03-23,3857.09,298155.63,270232.3,0.79805,0.79805
2008-03-24,3905.77,285528.97,270232.3,0.78581,0.78581
2008-03-25,3914.37,286675.15,270232.3,0.7875,0.7875
2008-03-26,3748.92,285488.68,270232.3,0.78363,0.78363
2008-03-27,3918.16,270677.81,270232.3,0.77285,0.77285
2008-03-30,3790.53,283688.26,270232.3,0.78285,0.78285
2008-03-31,3582.86,275222.17,270232.3,0.77762,0.77762
2008-04-01,3547.98,263670.96,270232.3,0.76414,0.76414
2008-04-02,3650.7,264649.48,270232.3,0.76584,0.76584
2008-04-06,3845.82,272285.75,270232.3,0.77304,0.77304
2008-04-07,3891.06,284249.25,270232.3,0.78434,0.78434
2008-04-08,3688.13,285641.95,270232.3,0.78738,0.78738
2008-04-09,3754.72,270646.78,270232.3,0.76712,0.76712
2008-04-10,3783.73,275533.99,270232.3,0.77702,0.77702
2008-04-13,3536.33,277417.02,270232.3,0.77732,0.77732
2008-04-14,3583.3,261545.0,270232.3,0.75307,0.75307
2008-04-15,3494.02,265693.66,270232.3,0.76294,0.76294
2008-04-16,3386.63,261016.92,270232.3,0.74966,0.74966
2008-04-17,3272.5,255989.32,270232.3,0.74321,0.74321
2008-04-20,3267.55,245750.77,270232.3,0.71777,0.71777
2008-04-21,3296.28,247375.04,270232.3,0.72629,0.72629
2008-04-22,3453.73,249844.95,270232.3,0.72801,0.72801
2008-04-23,3774.5,260424.88,270232.3,0.75,0.75
2008-04-24,3803.07,284480.09,270232.3,0.78677,0.78677
2008-04-27,3729.15,284998.57,270232.3,0.78706,0.78706
2008-04-28,3776.94,278902.89,270232.3,0.77793,0.77793
2008-04-29,3959.12,282465.79,270232.3,0.78091,0.78091
2008-05-04,4055.78,295521.32,270232.3,0.80268,0.80268
2008-05-05,4010.89,300956.33,270232.3,0.80965,0.80965
2008-05-06,3821.32,298185.0,270232.3,0.80455,0.80455
2008-05-07,3925.04,285790.82,270232.3,0.78877,0.78877
2008-05-08,3878.92,291813.89,270232.3,0.79306,0.79306
2008-05-11,3904.92,288282.45,270232.3,0.79067,0.79067
2008-05-12,3851.69,289709.9,270232.3,0.79228,0.79228
2008-05-13,3975.78,285056.67,270232.3,0.78059,0.78059
2008-05-14,3948.09,293035.9,270232.3,0.79416,0.79416
2008-05-15,3936.12,291206.55,270232.3,0.79178,0.79178
2008-05-18,3914.07,290172.32,270232.3,0.79073,0.79073
2008-05-19,3710.82,288507.16,270232.3,0.78704,0.78704
2008-05-20,3783.05,275296.71,270232.3,0.7609,0.7609
2008-05-21,3711.44,282607.56,270232.3,0.76913,0.76913
2008-05-22,3675.15,277993.22,270232.3,0.76285,0.76285
2008-05-25,3559.22,277233.74,270232.3,0.76053,0.76053
2008-05-26,3576.2,268948.07,270232.3,0.74639,0.74639
2008-05-27,3676.23,269976.53,270232.3,0.74672,0.74672
2008-05-28,3580.87,276732.62,270232.3,0.76016,0.76016
2008-05-29,3611.33,271942.96,270232.3,0.74869,0.74869
2008-06-01,3625.83,274239.11,270232.3,0.75425,0.75425
2008-06-02,3614.11,276097.36,270232.3,0.75979,0.75979
2008-06-03,3546.92,274518.49,270232.3,0.75359,0.75359
2008-06-04,3512.14,269577.6,270232.3,0.74089,0.74089
2008-06-05,3489.5,268158.72,270232.3,0.73862,0.73862
2008-06-09,3206.56,266567.16,270232.3,0.73636,0.73636
2008-06-10,3140.3,245800.35,270232.3,0.68742,0.68742
2008-06-11,3084.63,241584.25,270232.3,0.67358,0.67358
2008-06-12,2979.12,236988.08,270232.3,0.65718,0.65718
2008-06-15,2952.24,229676.97,270232.3,0.65116,0.65116
2008-06-16,2842.68,229496.21,270232.3,0.65032,0.65032
2008-06-17,2991.27,222886.31,270232.3,0.64562,0.64562
2008-06-18,2773.08,234230.44,270232.3,0.65637,0.65637
2008-06-19,2849.67,219152.94,270232.3,0.64267,0.64267
2008-06-22,2789.94,225133.83,270232.3,0.6457,0.6457
2008-06-23,2851.91,220033.04,270232.3,0.64231,0.64231
2008-06-24,2969.54,223715.51,270232.3,0.64533,0.64533
2008-06-25,2980.91,231689.83,270232.3,0.65473,0.65473
2008-06-26,2816.02,231611.71,270232.3,0.6539,0.6539
2008-06-29,2791.82,219288.58,270232.3,0.63903,0.63903
2008-06-30,2698.35,218147.22,270232.3,0.63694,0.63694
2008-07-01,2699.6,211682.94,270232.3,0.63104,0.63104
2008-07-02,2760.61,211854.83,270232.3,0.63151,0.63151
2008-07-03,2741.85,216088.52,270232.3,0.63579,0.63579
2008-07-06,2882.76,213745.39,270232.3,0.63118,0.63118
2008-07-07,2901.84,223561.96,270232.3,0.64557,0.64557
2008-07-08,3015.13,225267.96,270232.3,0.64855,0.64855
2008-07-09,2973.73,233736.63,270232.3,0.66162,0.66162
2008-07-10,2953.5,230460.37,270232.3,0.65448,0.65448
2008-07-13,2975.87,228767.47,270232.3,0.65113,0.65113
2008-07-14,2852.98,230579.2,270232.3,0.65535,0.65535
2008-07-15,2745.6,222585.29,270232.3,0.63945,0.63945
2008-07-16,2718.07,216270.1,270232.3,0.63112,0.63112
2008-07-17,2815.46,214835.64,270232.3,0.62782,0.62782
2008-07-20,2911.05,222043.59,270232.3,0.63955,0.63955
2008-07-21,2904.74,228777.93,270232.3,0.6525,0.6525
2008-07-22,2883.32,227704.24,270232.3,0.65044,0.65044
2008-07-23,2977.36,227135.5,270232.3,0.64963,0.64963
2008-07-24,2939.2,232816.53,270232.3,0.66376,0.66376
2008-07-27,2960.85,229524.09,270232.3,0.65423,0.65423
2008-07-28,2905.63,232367.74,270232.3,0.66211,0.66211
2008-07-29,2884.38,228203.96,270232.3,0.64888,0.64888
2008-07-30,2805.21,227326.06,270232.3,0.64684,0.64684
2008-07-31,2840.79,222294.25,270232.3,0.63366,0.63366
2008-08-03,2773.15,224567.04,270232.3,0.63906,0.63906
2008-08-04,2703.08,219737.18,270232.3,0.6284,0.6284
2008-08-05,2721.69,215444.55,270232.3,0.62022,0.62022
2008-08-06,2720.44,217772.29,270232.3,0.62438,0.62438
2008-08-07,2591.46,218327.26,270232.3,0.62608,0.62608
2008-08-10,2456.81,208340.81,270232.3,0.60934,0.60934
2008-08-11,2444.16,197784.24,270232.3,0.59877,0.59877
2008-08-12,2444.67,196983.73,270232.3,0.59804,0.59804
2008-08-13,2443.51,196024.3,270232.3,0.59608,0.59608
2008-08-14,2447.61,195183.48,270232.3,0.59535,0.59535
2008-08-17,2313.4,195965.88,270232.3,0.59585,0.59585
2008-08-18,2348.47,185824.28,270232.3,0.5878,0.5878
2008-08-19,2532.94,187816.69,270232.3,0.59074,0.59074
2008-08-20,2443.98,202002.48,270232.3,0.60706,0.60706
2008-08-21,2404.93,194750.09,270232.3,0.59417,0.59417
2008-08-24,2400.55,192624.15,270232.3,0.59223,0.59223
2008-08-25,2331.53,193161.39,270232.3,0.59273,0.59273
2008-08-26,2325.29,188240.82,270232.3,0.58838,0.58838
2008-08-27,2335.86,187707.98,270232.3,0.58646,0.58646
2008-08-28,2391.64,188553.04,270232.3,0.58937,0.58937
2008-08-31,2309.17,192434.2,270232.3,0.59228,0.59228
2008-09-01,2285.41,186454.21,270232.3,0.58193,0.58193
2008-09-02,2245.96,184868.29,270232.3,0.58002,0.58002
2008-09-03,2251.15,182556.58,270232.3,0.57813,0.57813
2008-09-04,2183.43,182632.04,270232.3,0.57863,0.57863
2008-09-07,2126.52,176606.42,270232.3,0.57074,0.57074
2008-09-08,2139.14,172247.76,270232.3,0.56647,0.56647
2008-09-09,2143.18,172419.1,270232.3,0.56699,0.56699
2008-09-10,2072.13,172742.32,270232.3,0.5675,0.5675
2008-09-11,2077.85,167075.54,270232.3,0.55847,0.55847
2008-09-15,2000.65,167146.21,270232.3,0.559,0.559
2008-09-16,1929.13,159578.66,270232.3,0.54405,0.54405
2008-09-17,1895.99,154288.15,270232.3,0.53151,0.53151
2008-09-18,2073.11,151670.86,270232.3,0.52613,0.52613
2008-09-21,2207.61,166025.23,270232.3,0.55516,0.55516
2008-09-22,2123.48,178306.37,270232.3,0.57701,0.57701
2008-09-23,2138.85,174890.51,270232.3,0.57396,0.57396
2008-09-24,2223.53,175721.44,270232.3,0.57447,0.57447
2008-09-25,2243.66,181898.92,270232.3,0.58323,0.58323
2008-10-05,2128.7,181845.23,270232.3,0.58255,0.58255
2008-10-06,2102.45,172455.4,270232.3,0.56655,0.56655
2008-10-07,2022.88,171404.91,270232.3,0.56235,0.56235
2008-10-08,1995.3,165962.22,270232.3,0.54994,0.54994
2008-10-09,1906.96,164431.97,270232.3,0.54695,0.54695
2008-10-12,1985.49,158141.97,270232.3,0.53107,0.53107
2008-10-13,1934.62,164031.86,270232.3,0.5445,0.5445
2008-10-14,1914.36,159876.28,270232.3,0.53918,0.53918
2008-10-15,1820.9,158438.58,270232.3,0.53271,0.53271
2008-10-16,1833.26,151405.93,270232.3,0.51575,0.51575
2008-10-19,1896.73,152962.9,270232.3,0.52098,0.52098
2008-10-20,1881.41,156559.76,270232.3,0.52736,0.52736
2008-10-21,1833.32,155452.46,270232.3,0.52674,0.52674
2008-10-22,1834.78,150933.32,270232.3,0.51336,0.51336
2008-10-23,1781.6,149309.75,270232.3,0.50812,0.50812
2008-10-26,1654.67,146429.02,270232.3,0.50058,0.50058
2008-10-27,1705.82,137390.86,270232.3,0.49074,0.49074
2008-10-28,1658.22,141277.2,270232.3,0.49249,0.49249
2008-10-29,1697.66,137105.13,270232.3,0.48961,0.48961
2008-10-30,1663.66,140509.53,270232.3,0.4925,0.4925
2008-11-02,1653.54,137999.83,270232.3,0.49078,0.49078
2008-11-03,1627.76,137539.48,270232.3,0.49022,0.49022
2008-11-04,1691.42,136505.29,270232.3,0.48736,0.48736
2008-11-05,1649.78,140846.04,270232.3,0.49483,0.49483
2008-11-06,1677.83,137579.38,270232.3,0.49083,0.49083
2008-11-09,1801.66,139878.34,270232.3,0.4937,0.4937
2008-11-10,1781.36,149848.3,270232.3,0.51716,0.51716
2008-11-11,1801.82,147655.71,270232.3,0.50743,0.50743
2008-11-12,1874.08,149011.51,270232.3,0.51142,0.51142
2008-11-13,1943.65,154437.56,270232.3,0.5325,0.5325
2008-11-16,1987.22,159188.66,270232.3,0.54897,0.54897
2008-11-17,1839.82,162689.96,270232.3,0.55518,0.55518
2008-11-18,1953.16,152425.85,270232.3,0.52614,0.52614
2008-11-19,1932.43,161373.18,270232.3,0.55505,0.55505
2008-11-20,1920.73,158978.6,270232.3,0.54762,0.54762
2008-11-23,1837.64,158037.25,270232.3,0.53794,0.53794
2008-11-24,1834.29,152305.29,270232.3,0.52149,0.52149
2008-11-25,1843.49,151765.96,270232.3,0.5209,0.5209
2008-11-26,1870.47,152493.68,270232.3,0.52596,0.52596
2008-11-27,1829.92,154177.41,270232.3,0.52988,0.52988
2008-11-30,1864.2,150566.45,270232.3,0.51464,0.51464
2008-12-01,1868.63,152463.94,270232.3,0.52531,0.52531
2008-12-02,1952.67,152269.84,270232.3,0.52022,0.52022
2008-12-03,1982.93,158433.4,270232.3,0.54545,0.54545
2008-12-04,2013.17,161204.42,270232.3,0.55942,0.55942
2008-12-07,2095.04,163680.96,270232.3,0.56215,0.56215
2008-12-08,2040.85,169522.06,270232.3,0.58166,0.58166
2008-12-09,2096.39,165359.67,270232.3,0.56872,0.56872
2008-12-10,2046.34,168897.85,270232.3,0.58147,0.58147
2008-12-11,1960.38,164996.16,270232.3,0.56633,0.56633
2008-12-14,1975.03,158715.02,270232.3,0.54677,0.54677
2008-12-15,1994.45,159548.46,270232.3,0.55061,0.55061
2008-12-16,2001.42,160489.4,270232.3,0.55556,0.55556
2008-12-17,2045.1,160785.55,270232.3,0.55605,0.55605
2008-12-18,2052.11,163901.84,270232.3,0.56319,0.56319
2008-12-21,2017.55,164175.5,270232.3,0.56589,0.56589
2008-12-22,1918.95,161951.53,270232.3,0.55863,0.55863
2008-12-23,1887.08,154585.8,270232.3,0.52597,0.52597
2008-12-24,1870.77,151924.92,270232.3,0.51104,0.51104
2008-12-25,1862.1,151144.61,270232.3,0.50606,0.50606
2008-12-28,1854.76,150940.17,270232.3,0.50551,0.50551
2008-12-29,1833.43,150608.44,270232.3,0.50385,0.50385
2008-12-30,1817.72,149092.46,270232.3,0.49451,0.49451
2009-01-04,1882.96,148164.73,319244.6,0.45335,0.45335
2009-01-05,1942.8,152888.01,319244.6,0.45943,0.45943
2009-01-06,1931.18,157292.63,319244.6,0.4655,0.4655
2009-01-07,1887.99,156092.85,319244.6,0.46389,0.46389
2009-01-08,1918.37,152293.55,319244.6,0.45574,0.45574
2009-01-11,1920.69,154609.55,319244.6,0.4607,0.4607
2009-01-12,1876.18,154363.58,319244.6,0.4602,0.4602
2009-01-13,1955.24,151128.42,319244.6,0.45425,0.45425
2009-01-14,1954.87,156475.3,319244.6,0.46681,0.46681
2009-01-15,1990.21,155694.82,319244.6,0.46522,0.46522
2009-01-18,2012.46,158409.46,319244.6,0.47014,0.47014
2009-01-19,2025.19,161048.16,319244.6,0.47072,0.47072
2009-01-20,2021.71,161747.19,319244.6,0.47346,0.47346
2009-01-21,2044.55,161044.09,319244.6,0.4697,0.4697
2009-01-22,2032.68,162634.9,319244.6,0.47892,0.47892
2009-02-01,2057.06,161413.94,319244.6,0.473,0.473
2009-02-02,2108.91,163298.82,319244.6,0.48112,0.48112
2009-02-03,2166.41,167260.4,319244.6,0.48815,0.48815
2009-02-04,2150.97,171103.21,319244.6,0.493,0.493
2009-02-05,2237.28,170100.66,319244.6,0.4914,0.4914
2009-02-08,2296.67,176910.52,319244.6,0.5102,0.5102
2009-02-09,2326.76,180706.38,319244.6,0.53326,0.53326
2009-02-10,2331.14,184033.27,319244.6,0.54341,0.54341
2009-02-11,2318.34,183982.99,319244.6,0.54283,0.54283
2009-02-12,2399.07,183115.12,319244.6,0.54011,0.54011
2009-02-15,2462.24,189124.06,319244.6,0.56517,0.56517
2009-02-16,2385.29,194461.27,319244.6,0.58378,0.58378
2009-02-17,2275.84,188867.88,319244.6,0.5629,0.5629
2009-02-18,2298.41,180129.63,319244.6,0.52716,0.52716
2009-02-19,2344.32,181751.31,319244.6,0.53298,0.53298
2009-02-22,2410.48,184820.83,319244.6,0.5441,0.5441
2009-02-23,2301.85,188612.69,319244.6,0.56369,0.56369
2009-02-24,2304.25,180191.05,319244.6,0.52704,0.52704
2009-02-25,2190.18,180679.19,319244.6,0.52754,0.52754
2009-02-26,2140.49,173342.44,319244.6,0.48995,0.48995
2009-03-01,2164.67,169773.3,319244.6,0.48309,0.48309
2009-03-02,2142.15,170875.69,319244.6,0.48574,0.48574
2009-03-03,2285.15,169315.97,319244.6,0.48207,0.48207
2009-03-04,2304.92,179642.76,319244.6,0.51949,0.51949
2009-03-05,2286.58,181618.69,319244.6,0.53474,0.53474
2009-03-08,2202.53,179385.58,319244.6,0.51735,0.51735
2009-03-09,2240.78,173265.94,319244.6,0.4895,0.4895
2009-03-10,2220.38,176333.4,319244.6,0.49948,0.49948
2009-03-11,2215.7,174831.39,319244.6,0.49266,0.49266
2009-03-12,2205.42,174517.56,319244.6,0.49215,0.49215
2009-03-15,2241.61,174129.78,319244.6,0.49059,0.49059
2009-03-16,2322.4,176174.09,319244.6,0.50052,0.50052
2009-03-17,2332.65,181656.85,319244.6,0.53862,0.53862
2009-03-18,2382.56,182215.27,319244.6,0.54119,0.54119
2009-03-19,2379.84,185585.8,319244.6,0.55313,0.55313
2009-03-22,2439.39,186469.01,319244.6,0.55463,0.55463
2009-03-23,2451.78,190091.05,319244.6,0.58108,0.58108
2009-03-24,2401.33,191133.5,319244.6,0.58359,0.58359
2009-03-25,2479.79,187285.48,319244.6,0.56224,0.56224
2009-03-26,2498.93,192632.86,319244.6,0.58653,0.58653
2009-03-29,2484.49,193878.36,319244.6,0.59213,0.59213
2009-03-30,2507.79,192666.87,319244.6,0.58635,0.58635
2009-03-31,2548.22,193897.07,319244.6,0.59298,0.59298
2009-04-01,2576.4,196769.86,319244.6,0.60578,0.60578
2009-04-02,2570.5,198366.01,319244.6,0.61134,0.61134
2009-04-06,2576.95,198201.87,319244.6,0.61071,0.61071
2009-04-07,2479.35,199798.67,319244.6,0.6142,0.6142
2009-04-08,2517.67,192447.17,319244.6,0.58171,0.58171
2009-04-09,2595.53,195240.11,319244.6,0.59754,0.59754
2009-04-12,2656.52,200747.83,319244.6,0.61641,0.61641
2009-04-13,2676.87,205972.61,319244.6,0.625,0.625
2009-04-14,2686.99,207402.99,319244.6,0.62845,0.62845
2009-04-15,2687.11,208196.59,319244.6,0.62986,0.62986
2009-04-16,2650.69,208082.49,319244.6,0.62921,0.62921
2009-04-19,2707.67,205491.24,319244.6,0.62245,0.62245
2009-04-20,2675.44,209901.72,319244.6,0.63201,0.63201
2009-04-21,2576.28,207927.35,319244.6,0.62831,0.62831
2009-04-22,2593.56,201617.33,319244.6,0.61241,0.61241
2009-04-23,2572.89,201838.1,319244.6,0.6128,0.6128
2009-04-26,2513.29,200662.32,319244.6,0.61015,0.61015
2009-04-27,2518.53,196899.79,319244.6,0.59838,0.59838
2009-04-28,2605.37,196608.59,319244.6,0.59574,0.59574
2009-04-29,2622.93,201971.27,319244.6,0.61437,0.61437
2009-05-03,2714.3,202949.21,319244.6,0.61678,0.61678
2009-05-04,2727.01,209664.58,319244.6,0.63434,0.63434
2009-05-05,2764.98,210334.46,319244.6,0.63673,0.63673
2009-05-06,2767.08,212703.55,319244.6,0.63911,0.63911
2009-05-07,2789.22,213081.85,319244.6,0.64048,0.64048
2009-05-10,2725.32,215201.66,319244.6,0.64487,0.64487
2009-05-11,2788.56,210902.3,319244.6,0.63618,0.63618
2009-05-12,2814.01,214212.91,319244.6,0.64157,0.64157
2009-05-13,2792.6,217472.52,319244.6,0.64794,0.64794
2009-05-14,2796.12,215698.74,319244.6,0.64629,0.64629
2009-05-17,2810.57,216287.53,319244.6,0.64765,0.64765
2009-05-18,2840.08,216968.84,319244.6,0.648,0.648
2009-05-19,2812.86,218863.04,319244.6,0.65135,0.65135
2009-05-20,2750.01,217006.19,319244.6,0.6477,0.6477
2009-05-21,2740.68,213441.98,319244.6,0.63609,0.63609
2009-05-24,2752.72,212603.79,319244.6,0.63247,0.63247
2009-05-25,2719.76,213538.45,319244.6,0.63682,0.63682
2009-05-26,2759.71,211864.18,319244.6,0.63121,0.63121
2009-05-31,2858.34,215179.85,319244.6,0.6425,0.6425
2009-06-01,2865.1,221951.7,319244.6,0.65972,0.65972
2009-06-02,2939.39,222293.44,319244.6,0.66006,0.66006
2009-06-03,2953.75,226787.54,319244.6,0.66436,0.66436
2009-06-04,2939.31,226143.24,319244.6,0.6637,0.6637
2009-06-07,2948.48,225101.76,319244.6,0.66304,0.66304
2009-06-08,2960.56,226667.02,319244.6,0.66436,0.66436
2009-06-09,2989.59,228582.42,319244.6,0.66864,0.66864
2009-06-10,2961.63,231195.65,319244.6,0.67192,0.67192
2009-06-11,2906.29,229700.65,319244.6,0.66929,0.66929
2009-06-14,2966.19,225226.62,319244.6,0.66077,0.66077
2009-06-15,2961.22,229785.68,319244.6,0.66994,0.66994
2009-06-16,3010.59,228772.5,319244.6,0.66732,0.66732
2009-06-17,3057.43,231639.06,319244.6,0.67549,0.67549
2009-06-18,3080.0,235487.41,319244.6,0.67973,0.67973
2009-06-21,3082.56,237533.51,319244.6,0.68102,0.68102
2009-06-22,3083.89,238802.42,319244.6,0.68426,0.68426
2009-06-23,3120.73,239073.06,319244.6,0.68457,0.68457
2009-06-24,3117.92,241198.26,319244.6,0.68488,0.68488
2009-06-25,3128.42,241522.43,319244.6,0.68519,0.68519
2009-06-28,3179.97,242152.22,319244.6,0.68549,0.68549
2009-06-29,3166.47,245390.09,319244.6,0.68872,0.68872
2009-06-30,3237.9,243838.01,319244.6,0.68707,0.68707
2009-07-01,3282.36,248044.91,319244.6,0.69126,0.69126
2009-07-02,3327.14,252284.68,319244.6,0.6935,0.6935
2009-07-05,3374.75,254666.74,319244.6,0.69961,0.69961
2009-07-06,3340.49,257868.07,319244.6,0.70474,0.70474
2009-07-07,3352.27,255012.32,319244.6,0.69923,0.69923
2009-07-08,3396.3,254335.96,319244.6,0.69662,0.69662
2009-07-09,3398.31,257741.2,319244.6,0.70463,0.70463
2009-07-12,3361.01,257468.97,319244.6,0.70299,0.70299
2009-07-13,3454.75,255120.83,319244.6,0.69846,0.69846
2009-07-14,3493.3,260584.8,319244.6,0.71126,0.71126
2009-07-15,3501.24,263774.23,319244.6,0.71635,0.71635
2009-07-16,3519.81,263653.47,319244.6,0.71566,0.71566
2009-07-19,3591.12,264271.67,319244.6,0.71785,0.71785
2009-07-20,3539.83,270241.54,319244.6,0.72867,0.72867
2009-07-21,3606.92,265691.4,319244.6,0.71935,0.71935
2009-07-22,3651.97,271721.75,319244.6,0.73397,0.73397
2009-07-23,3667.56,274446.2,319244.6,0.73901,0.73901
2009-07-26,3743.63,277147.31,319244.6,0.74499,0.74499
2009-07-27,3755.82,282594.48,319244.6,0.75191,0.75191
2009-07-28,3558.51,283195.75,319244.6,0.75691,0.75691
2009-07-29,3634.82,271338.54,319244.6,0.73048,0.73048
2009-07-30,3734.62,276467.82,319244.6,0.74215,0.74215
2009-08-02,3787.03,283835.66,319244.6,0.7576,0.7576
2009-08-03,3786.61,287803.57,319244.6,0.76448,0.76448
2009-08-04,3740.94,288249.09,319244.6,0.76565,0.76565
2009-08-05,3663.12,285061.93,319244.6,0.75735,0.75735
2009-08-06,3555.09,279350.9,319244.6,0.74148,0.74148
2009-08-09,3544.54,271255.93,319244.6,0.72469,0.72469
2009-08-10,3556.38,270415.3,319244.6,0.72212,0.72212
2009-08-11,3397.4,271923.8,319244.6,0.72805,0.72805
2009-08-12,3440.82,259561.72,319244.6,0.69528,0.69528
2009-08-13,3344.46,262534.63,319244.6,0.70028,0.70028
2009-08-16,3140.27,254676.81,319244.6,0.68173,0.68173
2009-08-17,3171.99,239920.84,319244.6,0.6604,0.6604
2009-08-18,3014.57,244008.03,319244.6,0.66635,0.66635
2009-08-19,3144.39,233489.72,319244.6,0.64977,0.64977
2009-08-20,3203.62,243579.23,319244.6,0.66417,0.66417
2009-08-23,3229.6,248213.73,319244.6,0.67198,0.67198
2009-08-24,3109.83,251012.56,319244.6,0.67416,0.67416
2009-08-25,3172.39,244333.44,319244.6,0.66604,0.66604
2009-08-26,3156.3,248837.04,319244.6,0.67196,0.67196
2009-08-27,3046.78,247471.68,319244.6,0.66947,0.66947
2009-08-30,2830.27,240506.97,319244.6,0.65672,0.65672
2009-08-31,2843.7,224354.59,319244.6,0.62535,0.62535
2009-09-01,2890.93,225696.66,319244.6,0.62756,0.62756
2009-09-02,3051.96,228644.08,319244.6,0.63442,0.63442
2009-09-03,3077.14,239770.25,319244.6,0.65613,0.65613
2009-09-06,3104.21,241270.43,319244.6,0.65924,0.65924
2009-09-07,3170.97,243079.4,319244.6,0.66234,0.66234
2009-09-08,3194.91,247448.93,319244.6,0.67099,0.67099
2009-09-09,3162.91,248834.58,319244.6,0.67407,0.67407
2009-09-10,3238.13,247285.73,319244.6,0.66975,0.66975
2009-09-13,3293.39,252991.62,319244.6,0.68207,0.68207
2009-09-14,3302.64,256445.02,319244.6,0.6916,0.6916
2009-09-15,3258.24,257124.61,319244.6,0.6928,0.6928
2009-09-16,3320.1,254325.68,319244.6,0.68295,0.68295
2009-09-17,3199.69,259397.84,319244.6,0.70074,0.70074
2009-09-20,3208.6,251165.01,319244.6,0.67525,0.67525
2009-09-21,3131.03,252912.22,319244.6,0.67923,0.67923
2009-09-22,3060.07,247255.37,319244.6,0.66483,0.66483
2009-09-23,3080.93,242270.64,319244.6,0.65413,0.65413
2009-09-24,3058.53,243197.59,319244.6,0.65628,0.65628
2009-09-27,2972.64,241891.61,319244.6,0.65201,0.65201
2009-09-28,2972.29,235326.76,319244.6,0.63861,0.63861
2009-09-29,3004.8,234501.36,319244.6,0.63803,0.63803
2009-10-08,3163.71,236714.11,319244.6,0.6411,0.6411
2009-10-11,3151.63,247967.38,319244.6,0.66971,0.66971
2009-10-12,3198.52,246853.29,319244.6,0.66545,0.66545
2009-10-13,3227.4,250411.85,319244.6,0.67577,0.67577
2009-10-14,3239.64,252945.08,319244.6,0.68244,0.68244
2009-10-15,3241.71,253900.57,319244.6,0.68455,0.68455
2009-10-18,3329.16,253610.92,319244.6,0.68302,0.68302
2009-10-19,3377.57,259095.49,319244.6,0.70417,0.70417
2009-10-20,3369.28,263325.0,319244.6,0.71442,0.71442
2009-10-21,3347.32,262446.96,319244.6,0.71014,0.71014
2009-10-22,3413.25,260933.61,319244.6,0.70769,0.70769
2009-10-25,3414.24,265772.1,319244.6,0.72152,0.72152
2009-10-26,3314.72,266052.35,319244.6,0.72267,0.72267
2009-10-27,3329.33,258484.89,319244.6,0.69856,0.69856
2009-10-28,3247.05,259604.16,319244.6,0.70424,0.70424
2009-10-29,3280.37,253728.66,319244.6,0.67838,0.67838
2009-11-01,3392.8,258235.99,319244.6,0.69757,0.69757
2009-11-02,3435.43,265015.96,319244.6,0.71942,0.71942
2009-11-03,3453.89,268324.54,319244.6,0.72776,0.72776
2009-11-04,3464.32,269630.99,319244.6,0.7316,0.7316
2009-11-05,3483.02,271666.38,319244.6,0.73991,0.73991
2009-11-08,3495.79,273129.7,319244.6,0.74373,0.74373
2009-11-09,3503.78,274173.59,319244.6,0.74664,0.74664
2009-11-10,3495.67,274585.29,319244.6,0.74866,0.74866
2009-11-11,3499.99,274501.24,319244.6,0.7471,0.7471
2009-11-12,3518.72,274518.28,319244.6,0.74821,0.74821
2009-11-15,3625.8,275994.07,319244.6,0.75112,0.75112
2009-11-16,3628.35,283502.72,319244.6,0.76916,0.76916
2009-11-17,3630.23,285651.77,319244.6,0.77471,0.77471
2009-11-18,3642.44,287336.18,319244.6,0.77758,0.77758
2009-11-19,3631.01,289023.06,319244.6,0.78222,0.78222
2009-11-22,3665.51,288315.08,319244.6,0.78064,0.78064
2009-11-23,3548.08,291138.67,319244.6,0.78882,0.78882
2009-11-24,3629.63,280898.57,319244.6,0.75532,0.75532
2009-11-25,3485.77,286990.11,319244.6,0.77236,0.77236
2009-11-26,3382.51,277126.08,319244.6,0.74956,0.74956
2009-11-29,3511.67,270771.04,319244.6,0.72502,0.72502
2009-11-30,3560.83,279603.64,319244.6,0.75265,0.75265
2009-12-01,3597.33,283547.67,319244.6,0.76611,0.76611
2009-12-02,3590.88,286691.11,319244.6,0.77249,0.77249
2009-12-03,3643.49,286642.87,319244.6,0.77181,0.77181
2009-12-06,3668.83,290060.38,319244.6,0.78521,0.78521
2009-12-07,3624.02,291804.07,319244.6,0.79244,0.79244
2009-12-08,3554.48,289007.6,319244.6,0.7812,0.7812
2009-12-09,3577.24,284369.42,319244.6,0.76471,0.76471
2009-12-10,3575.02,285914.71,319244.6,0.7693,0.7693
2009-12-13,3612.75,285570.84,319244.6,0.76775,0.76775
2009-12-14,3583.34,289738.21,319244.6,0.78371,0.78371
2009-12-15,3560.72,287500.85,319244.6,0.77515,0.77515
2009-12-16,3480.15,286211.57,319244.6,0.76836,0.76836
2009-12-17,3391.74,279487.42,319244.6,0.7441,0.7441
2009-12-20,3396.62,273265.6,319244.6,0.726,0.726
2009-12-21,3305.54,274291.49,319244.6,0.72973,0.72973
2009-12-22,3336.48,267994.17,319244.6,0.7047,0.7047
2009-12-23,3438.82,270593.23,319244.6,0.71453,0.71453
2009-12-24,3424.78,278009.01,319244.6,0.74261,0.74261
2009-12-27,3478.43,277689.07,319244.6,0.74196,0.74196
2009-12-28,3500.74,281810.96,319244.6,0.75,0.75
2009-12-29,3558.86,284011.75,319244.6,0.76149,0.76149
2009-12-30,3575.68,288289.41,319244.6,0.7799,0.7799
2010-01-03,3535.23,289939.52,348517.7,0.69437,0.69437
2010-01-04,3564.04,287347.46,348517.7,0.68599,0.68599
2010-01-05,3541.73,290512.47,348517.7,0.69836,0.69836
2010-01-06,3471.46,288364.64,348517.7,0.68998,0.68998
2010-01-07,3480.13,283176.69,348517.7,0.67299,0.67299
2010-01-10,3482.05,283956.77,348517.7,0.67759,0.67759
2010-01-11,3534.92,285454.63,348517.7,0.68045,0.68045
2010-01-12,3421.14,290782.06,348517.7,0.70052,0.70052
2010-01-13,3469.05,282426.26,348517.7,0.6681,0.6681
2010-01-14,3482.74,286512.78,348517.7,0.68213,0.68213
2010-01-17,3500.68,287514.12,348517.7,0.68755,0.68755
2010-01-18,3507.48,289181.24,348517.7,0.69297,0.69297
2010-01-19,3394.43,289705.21,348517.7,0.69494,0.69494
2010-01-20,3408.57,281123.14,348517.7,0.6601,0.6601
2010-01-21,3366.2,282411.76,348517.7,0.66553,0.66553
2010-01-24,3328.01,279370.02,348517.7,0.6547,0.6547
2010-01-25,3242.8,276325.87,348517.7,0.64219,0.64219
2010-01-26,3198.57,269757.76,348517.7,0.62372,0.62372
2010-01-27,3206.57,266644.51,348517.7,0.61807,0.61807
2010-01-28,3204.16,267817.98,348517.7,0.6201,0.6201
2010-01-31,3152.71,267837.47,348517.7,0.62043,0.62043
2010-02-01,3146.19,263656.48,348517.7,0.60714,0.60714
2010-02-02,3230.72,263225.87,348517.7,0.60493,0.60493
2010-02-03,3218.8,269323.33,348517.7,0.62394,0.62394
2010-02-04,3153.09,268685.98,348517.7,0.62256,0.62256
2010-02-07,3150.99,263743.9,348517.7,0.60763,0.60763
2010-02-08,3169.19,263562.08,348517.7,0.60542,0.60542
2010-02-09,3214.13,264969.63,348517.7,0.61083,0.61083
2010-02-10,3220.4,268278.7,348517.7,0.62299,0.62299
2010-02-11,3251.28,268653.82,348517.7,0.62331,0.62331
2010-02-21,3233.34,272818.45,348517.7,0.63544,0.63544
2010-02-22,3198.63,271609.15,348517.7,0.63322,0.63322
2010-02-23,3244.48,270010.8,348517.7,0.62848,0.62848
2010-02-24,3292.13,274039.39,348517.7,0.63973,0.63973
2010-02-25,3281.67,277811.9,348517.7,0.65349,0.65349
2010-02-28,3324.42,278318.77,348517.7,0.6563,0.6563
2010-03-01,3311.24,281637.59,348517.7,0.66919,0.66919
2010-03-02,3335.08,280591.11,348517.7,0.66107,0.66107
2010-03-03,3250.57,282790.71,348517.7,0.67393,0.67393
2010-03-04,3259.76,275888.34,348517.7,0.63987,0.63987
2010-03-07,3286.18,276761.1,348517.7,0.64519,0.64519
2010-03-08,3305.86,278825.31,348517.7,0.65803,0.65803
2010-03-09,3279.69,280345.22,348517.7,0.66082,0.66082
2010-03-10,3276.7,278338.02,348517.7,0.65442,0.65442
2010-03-11,3233.13,278622.4,348517.7,0.65638,0.65638
2010-03-14,3183.18,275264.0,348517.7,0.635,0.635
2010-03-15,3203.97,272129.39,348517.7,0.62864,0.62864
2010-03-16,3273.92,273660.38,348517.7,0.63228,0.63228
2010-03-17,3267.55,279234.64,348517.7,0.66002,0.66002
2010-03-18,3293.87,279006.96,348517.7,0.65947,0.65947
2010-03-21,3302.63,281282.72,348517.7,0.66805,0.66805
2010-03-22,3275.57,282021.98,348517.7,0.6733,0.6733
2010-03-23,3276.67,280456.42,348517.7,0.66197,0.66197
2010-03-24,3229.13,281080.79,348517.7,0.66639,0.66639
2010-03-25,3275.0,277879.33,348517.7,0.64847,0.64847
2010-03-28,3358.54,281504.6,348517.7,0.67025,0.67025
2010-03-29,3366.71,287577.33,348517.7,0.69777,0.69777
2010-03-30,3345.61,288385.11,348517.7,0.70132,0.70132
2010-03-31,3391.93,287381.09,348517.7,0.69415,0.69415
2010-04-01,3407.35,290935.65,348517.7,0.71417,0.71417
2010-04-05,3405.14,292080.54,348517.7,0.71523,0.71523
2010-04-06,3386.95,292368.9,348517.7,0.71546,0.71546
2010-04-07,3346.74,291896.07,348517.7,0.71405,0.71405
2010-04-08,3379.17,289381.08,348517.7,0.70279,0.70279
2010-04-11,3351.48,292661.03,348517.7,0.71698,0.71698
2010-04-12,3391.72,291499.34,348517.7,0.7123,0.7123
2010-04-13,3403.71,293365.66,348517.7,0.72072,0.72072
2010-04-14,3394.57,293930.38,348517.7,0.72177,0.72177
2010-04-15,3356.33,292988.25,348517.7,0.71872,0.71872
2010-04-18,3176.42,290429.48,348517.7,0.70507,0.70507
2010-04-19,3173.37,276817.61,348517.7,0.63265,0.63265
2010-04-20,3236.68,276972.23,348517.7,0.63377,0.63377
2010-04-21,3201.54,282778.37,348517.7,0.67074,0.67074
2010-04-22,3190.0,280094.31,348517.7,0.65228,0.65228
2010-04-25,3172.0,278730.45,348517.7,0.64687,0.64687
2010-04-26,3108.41,277386.56,348517.7,0.63496,0.63496
2010-04-27,3097.35,271661.81,348517.7,0.61332,0.61332
2010-04-28,3060.06,271034.14,348517.7,0.61039,0.61039
2010-04-29,3067.36,267709.67,348517.7,0.59448,0.59448
2010-05-03,3019.45,267399.75,348517.7,0.594,0.594
2010-05-04,3036.39,264468.26,348517.7,0.58381,0.58381
2010-05-05,2896.86,267225.14,348517.7,0.59385,0.59385
2010-05-06,2836.79,257723.14,348517.7,0.5675,0.5675
2010-05-09,2858.23,252922.2,348517.7,0.55977,0.55977
2010-05-10,2800.82,252961.68,348517.7,0.56013,0.56013
2010-05-11,2818.16,247972.48,348517.7,0.54677,0.54677
2010-05-12,2886.91,248336.6,348517.7,0.54795,0.54795
2010-05-13,2868.02,253491.84,348517.7,0.56119,0.56119
2010-05-16,2714.72,252458.98,348517.7,0.55672,0.55672
2010-05-17,2771.35,239606.01,348517.7,0.52974,0.52974
2010-05-18,2762.17,243224.99,348517.7,0.53815,0.53815
2010-05-19,2726.02,242892.38,348517.7,0.53692,0.53692
2010-05-20,2768.79,240110.95,348517.7,0.53007,0.53007
2010-05-23,2873.47,243397.06,348517.7,0.53926,0.53926
2010-05-24,2813.94,252009.25,348517.7,0.55725,0.55725
2010-05-25,2813.94,247698.17,348517.7,0.5464,0.5464
2010-05-26,2859.98,247998.28,348517.7,0.54756,0.54756
2010-05-27,2850.3,251185.95,348517.7,0.55671,0.55671
2010-05-30,2773.26,251924.08,348517.7,0.55786,0.55786
2010-05-31,2744.16,245974.66,348517.7,0.54147,0.54147
2010-06-01,2757.53,243630.57,348517.7,0.53705,0.53705
2010-06-02,2736.08,244676.37,348517.7,0.53901,0.53901
2010-06-03,2744.39,243345.99,348517.7,0.5354,0.5354
2010-06-06,2695.72,243746.3,348517.7,0.53736,0.53736
2010-06-07,2699.34,240427.38,348517.7,0.52581,0.52581
2010-06-08,2782.13,241023.46,348517.7,0.52698,0.52698
2010-06-09,2750.02,247627.57,348517.7,0.54718,0.54718
2010-06-10,2758.87,246521.67,348517.7,0.54437,0.54437
2010-06-16,2742.73,246994.96,348517.7,0.54553,0.54553
2010-06-17,2696.17,245482.89,348517.7,0.54035,0.54035
2010-06-20,2780.66,240330.88,348517.7,0.52332,0.52332
2010-06-21,2783.72,247377.27,348517.7,0.5466,0.5466
2010-06-22,2758.49,247891.99,348517.7,0.55012,0.55012
2010-06-23,2757.5,246651.45,348517.7,0.54416,0.54416
2010-06-24,2736.29,246572.39,348517.7,0.54374,0.54374
2010-06-27,2716.78,244751.15,348517.7,0.5378,0.5378
2010-06-28,2592.02,242681.97,348517.7,0.52872,0.52872
2010-06-29,2563.07,231862.31,348517.7,0.5,0.5
2010-06-30,2526.07,229159.63,348517.7,0.49489,0.49489
2010-07-01,2534.11,226738.73,348517.7,0.4898,0.4898
2010-07-04,2512.65,227226.62,348517.7,0.49176,0.49176
2010-07-05,2562.9,225787.93,348517.7,0.48746,0.48746
2010-07-06,2580.48,230801.0,348517.7,0.50039,0.50039
2010-07-07,2575.92,232284.72,348517.7,0.50391,0.50391
2010-07-08,2647.1,231355.47,348517.7,0.50117,0.50117
2010-07-11,2676.22,236881.28,348517.7,0.51719,0.51719
2010-07-12,2634.59,238839.94,348517.7,0.52069,0.52069
2010-07-13,2653.61,235303.59,348517.7,0.51248,0.51248
2010-07-14,2608.52,237025.6,348517.7,0.51832,0.51832
2010-07-15,2616.13,240307.44,348517.7,0.52492,0.52492
2010-07-18,2682.47,241455.71,348517.7,0.52918,0.52918
2010-07-19,2741.5,246642.95,348517.7,0.54977,0.54977
2010-07-20,2747.34,251998.96,348517.7,0.56954,0.56954
2010-07-21,2781.29,252444.92,348517.7,0.57143,0.57143
2010-07-22,2793.08,255350.94,348517.7,0.58029,0.58029
2010-07-25,2811.05,256539.34,348517.7,0.58217,0.58217
2010-07-26,2795.72,258278.8,348517.7,0.58559,0.58559
2010-07-27,2863.72,257217.82,348517.7,0.58437,0.58437
2010-07-28,2877.98,263009.88,348517.7,0.59397,0.59397
2010-07-29,2868.85,264304.72,348517.7,0.60046,0.60046
2010-08-01,2917.28,263396.73,348517.7,0.59614,0.59614
2010-08-02,2865.97,267241.17,348517.7,0.61265,0.61265
2010-08-03,2876.43,263115.25,348517.7,0.59291,0.59291
2010-08-04,2850.83,264351.47,348517.7,0.60092,0.60092
2010-08-05,2897.66,262893.49,348517.7,0.59122,0.59122
2010-08-08,2918.24,266984.83,348517.7,0.61231,0.61231
2010-08-09,2832.64,268700.81,348517.7,0.62183,0.62183
2010-08-10,2850.21,261060.93,348517.7,0.58756,0.58756
2010-08-11,2816.39,262515.35,348517.7,0.58941,0.58941
2010-08-12,2855.55,259511.0,348517.7,0.58359,0.58359
2010-08-15,2922.08,262971.33,348517.7,0.59157,0.59157
2010-08-16,2942.29,268757.44,348517.7,0.62328,0.62328
2010-08-17,2937.36,270041.22,348517.7,0.62816,0.62816
2010-08-18,2955.39,271266.27,348517.7,0.63303,0.63303
2010-08-19,2898.33,273169.06,348517.7,0.63866,0.63866
2010-08-22,2896.19,268686.1,348517.7,0.61985,0.61985
2010-08-23,2911.83,268622.53,348517.7,0.61785,0.61785
2010-08-24,2843.02,270088.03,348517.7,0.62805,0.62805
2010-08-25,2850.09,264621.83,348517.7,0.60091,0.60091
2010-08-26,2858.57,265561.4,348517.7,0.60426,0.60426
2010-08-29,2915.01,266819.16,348517.7,0.60913,0.60913
2010-08-30,2903.19,271601.83,348517.7,0.6345,0.6345
2010-08-31,2884.04,271216.07,348517.7,0.63326,0.63326
2010-09-01,2921.39,269197.13,348517.7,0.62215,0.62215
2010-09-02,2920.2,273007.92,348517.7,0.64064,0.64064
2010-09-05,2975.09,273345.65,348517.7,0.64242,0.64242
2010-09-06,2983.11,276403.68,348517.7,0.65405,0.65405
2010-09-07,2980.97,276971.24,348517.7,0.65658,0.65658
2010-09-08,2926.46,277454.44,348517.7,0.66062,0.66062
2010-09-09,2932.55,273613.11,348517.7,0.64199,0.64199
2010-09-12,2962.32,274601.07,348517.7,0.64528,0.64528
2010-09-13,2965.01,277448.55,348517.7,0.66063,0.66063
2010-09-14,2913.19,277513.37,348517.7,0.6624,0.6624
2010-09-15,2857.79,273549.16,348517.7,0.64006,0.64006
2010-09-16,2861.37,268245.99,348517.7,0.61099,0.61099
2010-09-19,2849.83,268103.1,348517.7,0.61053,0.61053
2010-09-20,2857.48,266784.0,348517.7,0.6018,0.6018
2010-09-26,2905.03,267306.71,348517.7,0.60586,0.60586
2010-09-27,2880.91,271431.1,348517.7,0.63091,0.63091
2010-09-28,2874.81,270475.62,348517.7,0.62594,0.62594
2010-09-29,2935.57,269974.14,348517.7,0.62172,0.62172
2010-10-07,3044.23,274552.73,348517.7,0.64596,0.64596
2010-10-10,3132.89,283031.51,348517.7,0.70007,0.70007
2010-10-11,3172.73,289071.35,348517.7,0.72272,0.72272
2010-10-12,3217.58,292054.51,348517.7,0.73712,0.73712
2010-10-13,3224.14,294822.01,348517.7,0.74776,0.74776
2010-10-14,3327.68,295635.4,348517.7,0.75242,0.75242
2010-10-17,3306.16,303900.02,348517.7,0.7772,0.7772
2010-10-18,3375.67,301869.04,348517.7,0.7729,0.7729
2010-10-19,3396.88,307666.34,348517.7,0.78423,0.78423
2010-10-20,3374.68,308484.06,348517.7,0.78662,0.78662
2010-10-21,3378.66,307390.47,348517.7,0.78232,0.78232
2010-10-24,3481.08,307669.03,348517.7,0.78396,0.78396
2010-10-25,3466.08,315791.61,348517.7,0.81528,0.81528
2010-10-26,3403.87,315064.16,348517.7,0.81319,0.81319
2010-10-27,3397.69,310805.84,348517.7,0.79556,0.79556
2010-10-28,3379.98,311015.93,348517.7,0.79571,0.79571
2010-10-31,3472.99,310281.34,348517.7,0.7929,0.7929
2010-11-01,3463.13,318591.34,348517.7,0.82557,0.82557
2010-11-02,3420.34,318173.18,348517.7,0.82349,0.82349
2010-11-03,3480.51,315790.21,348517.7,0.81402,0.81402
2010-11-04,3520.8,321622.3,348517.7,0.82817,0.82817
2010-11-07,3548.57,325949.59,348517.7,0.83272,0.83272
2010-11-08,3523.95,329483.62,348517.7,0.83652,0.83652
2010-11-09,3499.11,328299.04,348517.7,0.83444,0.83444
2010-11-10,3509.97,328246.51,348517.7,0.83382,0.83382
2010-11-11,3291.83,330554.94,348517.7,0.83835,0.83835
2010-11-14,3314.89,313774.55,348517.7,0.80176,0.80176
2010-11-15,3169.54,317609.28,348517.7,0.81805,0.81805
2010-11-16,3103.91,305339.88,348517.7,0.76906,0.76906
2010-11-17,3147.96,298786.28,348517.7,0.75018,0.75018
2010-11-18,3178.85,302324.57,348517.7,0.76208,0.76208
2010-11-21,3171.94,306200.97,348517.7,0.7703,0.7703
2010-11-22,3107.18,306537.24,348517.7,0.7712,0.7712
2010-11-23,3177.04,301676.69,348517.7,0.75822,0.75822
2010-11-24,3223.48,306608.43,348517.7,0.77153,0.77153
2010-11-25,3194.85,310042.57,348517.7,0.78629,0.78629
2010-11-28,3190.05,307570.85,348517.7,0.77332,0.77332
2010-11-29,3136.99,307645.08,348517.7,0.77349,0.77349
2010-11-30,3136.02,302052.74,348517.7,0.75764,0.75764
2010-12-01,3155.06,302263.2,348517.7,0.75855,0.75855
2010-12-02,3158.16,304643.67,348517.7,0.76308,0.76308
2010-12-05,3165.57,304171.73,348517.7,0.76253,0.76253
2010-12-06,3200.34,304607.53,348517.7,0.7627,0.7627
2010-12-07,3171.88,307472.85,348517.7,0.77302,0.77302
2010-12-08,3123.37,305032.85,348517.7,0.76377,0.76377
2010-12-09,3161.98,300721.38,348517.7,0.74946,0.74946
2010-12-12,3261.06,304465.1,348517.7,0.76122,0.76122
2010-12-13,3269.47,313207.68,348517.7,0.79971,0.79971
2010-12-14,3247.64,314490.48,348517.7,0.80636,0.80636
2010-12-15,3230.66,313253.32,348517.7,0.79928,0.79928
2010-12-16,3225.66,312313.58,348517.7,0.79582,0.79582
2010-12-19,3178.66,312309.03,348517.7,0.79524,0.79524
2010-12-20,3249.51,308098.41,348517.7,0.77522,0.77522
2010-12-21,3215.45,313275.63,348517.7,0.79986,0.79986
2010-12-22,3188.61,310734.51,348517.7,0.78777,0.78777
2010-12-23,3162.95,307839.88,348517.7,0.77354,0.77354
2010-12-26,3099.71,305055.94,348517.7,0.76006,0.76006
2010-12-27,3044.93,299029.46,348517.7,0.73654,0.73654
2010-12-28,3061.83,294073.23,348517.7,0.71736,0.71736
2010-12-29,3064.1,296777.59,348517.7,0.72975,0.72975
2010-12-30,3128.26,297934.44,348517.7,0.73209,0.73209
2011-01-03,3189.68,304123.33,412119.3,0.54044,0.54044
2011-01-04,3175.66,308875.35,412119.3,0.54936,0.54936
2011-01-05,3159.64,307677.57,412119.3,0.5461,0.5461
2011-01-06,3166.62,305836.07,412119.3,0.54286,0.54286
2011-01-09,3108.19,307427.63,412119.3,0.54532,0.54532
2011-01-10,3124.92,302040.7,412119.3,0.53424,0.53424
2011-01-11,3142.34,302726.96,412119.3,0.53599,0.53599
2011-01-12,3141.28,304398.4,412119.3,0.5406,0.5406
2011-01-13,3091.86,306058.42,412119.3,0.54377,0.54377
2011-01-16,2974.35,301740.06,412119.3,0.53201,0.53201
2011-01-17,2977.65,291522.44,412119.3,0.50178,0.50178
2011-01-18,3044.85,292186.14,412119.3,0.50568,0.50568
2011-01-19,2944.71,297733.4,412119.3,0.52094,0.52094
2011-01-20,2983.46,288838.65,412119.3,0.49362,0.49362
2011-01-23,2954.23,292277.82,412119.3,0.50602,0.50602
2011-01-24,2938.65,288870.14,412119.3,0.49363,0.49363
2011-01-25,2978.43,286826.72,412119.3,0.48478,0.48478
2011-01-26,3026.47,290353.39,412119.3,0.49788,0.49788
2011-01-27,3036.74,294849.3,412119.3,0.5159,0.5159
2011-01-30,3076.51,295902.41,412119.3,0.51907,0.51907
2011-01-31,3077.28,299799.12,412119.3,0.53282,0.53282
2011-02-08,3040.95,300770.32,412119.3,0.53385,0.53385
2011-02-09,3104.16,298074.78,412119.3,0.52502,0.52502
2011-02-10,3120.96,303718.53,412119.3,0.54085,0.54085
2011-02-13,3219.14,305487.41,412119.3,0.5468,0.5468
2011-02-14,3217.67,312979.8,412119.3,0.57314,0.57314
2011-02-15,3248.53,313407.63,412119.3,0.57414,0.57414
2011-02-16,3245.91,316617.44,412119.3,0.58778,0.58778
2011-02-17,3211.88,317054.82,412119.3,0.59158,0.59158
2011-02-20,3257.91,314236.9,412119.3,0.57644,0.57644
2011-02-21,3163.58,318202.28,412119.3,0.59846,0.59846
2011-02-22,3174.74,310301.14,412119.3,0.55602,0.55602
2011-02-23,3190.93,311460.35,412119.3,0.56193,0.56193
2011-02-24,3197.62,312966.59,412119.3,0.57133,0.57133
2011-02-27,3239.56,313259.11,412119.3,0.57233,0.57233
2011-02-28,3254.89,316133.57,412119.3,0.58659,0.58659
2011-03-01,3243.3,318062.23,412119.3,0.59944,0.59944
2011-03-02,3221.72,317622.08,412119.3,0.59414,0.59414
2011-03-03,3270.67,315908.61,412119.3,0.58328,0.58328
2011-03-06,3334.51,319918.08,412119.3,0.61003,0.61003
2011-03-07,3337.46,325229.04,412119.3,0.62978,0.62978
2011-03-08,3338.86,325914.13,412119.3,0.63143,0.63143
2011-03-09,3280.26,326460.32,412119.3,0.63447,0.63447
2011-03-10,3247.38,322354.95,412119.3,0.61806,0.61806
2011-03-13,3262.92,320716.37,412119.3,0.61207,0.61207
2011-03-14,3203.96,321675.83,412119.3,0.6172,0.6172
2011-03-15,3248.2,317341.23,412119.3,0.59113,0.59113
2011-03-16,3197.1,321139.83,412119.3,0.61357,0.61357
2011-03-17,3215.68,317143.63,412119.3,0.58893,0.58893
2011-03-20,3207.11,318359.73,412119.3,0.59889,0.59889
2011-03-21,3222.96,318177.2,412119.3,0.5971,0.5971
2011-03-22,3264.93,318388.96,412119.3,0.59945,0.59945
2011-03-23,3251.36,321682.89,412119.3,0.61905,0.61905
2011-03-24,3294.48,321523.06,412119.3,0.61793,0.61793
2011-03-27,3290.57,324690.65,412119.3,0.6306,0.6306
2011-03-28,3257.98,324994.09,412119.3,0.63154,0.63154
2011-03-29,3256.08,321553.97,412119.3,0.61734,0.61734
2011-03-30,3223.29,320738.97,412119.3,0.61073,0.61073
2011-03-31,3272.73,317753.77,412119.3,0.59244,0.59244
2011-04-05,3311.07,321688.83,412119.3,0.61951,0.61951
2011-04-06,3324.42,324213.44,412119.3,0.62938,0.62938
2011-04-07,3353.36,325475.15,412119.3,0.63374,0.63374
2011-04-10,3333.43,328263.07,412119.3,0.65182,0.65182
2011-04-11,3326.77,327090.14,412119.3,0.64247,0.64247
2011-04-12,3372.03,327084.3,412119.3,0.64203,0.64203
2011-04-13,3353.56,330468.49,412119.3,0.66553,0.66553
2011-04-14,3358.94,329746.32,412119.3,0.66234,0.66234
2011-04-17,3359.44,330581.95,412119.3,0.66598,0.66598
2011-04-18,3295.81,331236.53,412119.3,0.66758,0.66758
2011-04-19,3295.76,325622.31,412119.3,0.63165,0.63165
2011-04-20,3317.37,326529.48,412119.3,0.63736,0.63736
2011-04-21,3299.94,328679.23,412119.3,0.65463,0.65463
2011-04-24,3249.57,326953.51,412119.3,0.63989,0.63989
2011-04-25,3230.96,321774.15,412119.3,0.61429,0.61429
2011-04-26,3209.5,318969.48,412119.3,0.59279,0.59279
2011-04-27,3161.78,317228.25,412119.3,0.57948,0.57948
2011-04-28,3192.72,312739.34,412119.3,0.55329,0.55329
2011-05-02,3211.13,315656.75,412119.3,0.56784,0.56784
2011-05-03,3129.03,318059.01,412119.3,0.5878,0.5878
2011-05-04,3126.12,310985.04,412119.3,0.54133,0.54133
2011-05-05,3121.4,311920.76,412119.3,0.54909,0.54909
2011-05-08,3129.76,311486.45,412119.3,0.54601,0.54601
2011-05-09,3153.22,312589.57,412119.3,0.55105,0.55105
2011-05-10,3145.09,314766.55,412119.3,0.56351,0.56351
2011-05-11,3101.6,314384.39,412119.3,0.56178,0.56178
2011-05-12,3128.09,310058.14,412119.3,0.53576,0.53576
2011-05-15,3100.46,312703.0,412119.3,0.55226,0.55226
2011-05-16,3116.03,310688.37,412119.3,0.53774,0.53774
2011-05-17,3139.38,310858.45,412119.3,0.53805,0.53805
2011-05-18,3120.64,313077.74,412119.3,0.5572,0.5572
2011-05-19,3121.6,311735.87,412119.3,0.54607,0.54607
2011-05-22,3022.98,311575.46,412119.3,0.54503,0.54503
2011-05-23,3026.22,302035.91,412119.3,0.51242,0.51242
2011-05-24,2990.34,301529.63,412119.3,0.51007,0.51007
2011-05-25,2978.38,298348.44,412119.3,0.50034,0.50034
2011-05-26,2963.31,297346.87,412119.3,0.49598,0.49598
2011-05-29,2954.51,293971.11,412119.3,0.48828,0.48828
2011-05-30,3001.56,293458.6,412119.3,0.48594,0.48594
2011-05-31,3004.17,297941.03,412119.3,0.499,0.499
2011-06-01,2955.7,298619.0,412119.3,0.50401,0.50401
2011-06-02,2986.35,294416.23,412119.3,0.48831,0.48831
2011-06-06,3004.26,297593.64,412119.3,0.49666,0.49666
2011-06-07,3008.65,299386.29,412119.3,0.50834,0.50834
2011-06-08,2951.89,300091.09,412119.3,0.51067,0.51067
2011-06-09,2961.93,295008.17,412119.3,0.48901,0.48901
2011-06-12,2950.35,295137.69,412119.3,0.49001,0.49001
2011-06-13,2993.56,294670.85,412119.3,0.48769,0.48769
2011-06-14,2963.12,298009.77,412119.3,0.50133,0.50133
2011-06-15,2917.58,295414.67,412119.3,0.49169,0.49169
2011-06-16,2892.16,290908.2,412119.3,0.47012,0.47012
2011-06-19,2874.9,288719.16,412119.3,0.46251,0.46251
2011-06-20,2909.07,286193.46,412119.3,0.45225,0.45225
2011-06-21,2908.58,289253.84,412119.3,0.46521,0.46521
2011-06-22,2957.63,289716.2,412119.3,0.46755,0.46755
2011-06-23,3027.47,294455.17,412119.3,0.48776,0.48776
2011-06-26,3036.49,300409.14,412119.3,0.51455,0.51455
2011-06-27,3041.73,302182.58,412119.3,0.52082,0.52082
2011-06-28,3000.17,302502.29,412119.3,0.52114,0.52114
2011-06-29,3044.09,299291.48,412119.3,0.51023,0.51023
2011-06-30,3049.74,303606.75,412119.3,0.52441,0.52441
2011-07-03,3121.98,303799.29,412119.3,0.52604,0.52604
2011-07-04,3122.5,309829.21,412119.3,0.54216,0.54216
2011-07-05,3113.71,310438.93,412119.3,0.54444,0.54444
2011-07-06,3101.68,310264.42,412119.3,0.54276,0.54276
2011-07-07,3109.18,309335.76,412119.3,0.53978,0.53978
2011-07-10,3113.21,309675.32,412119.3,0.54074,0.54074
2011-07-11,3056.91,310548.9,412119.3,0.54629,0.54629
2011-07-12,3106.25,305604.15,412119.3,0.53018,0.53018
2011-07-13,3115.74,310431.41,412119.3,0.54492,0.54492
2011-07-14,3128.89,312417.09,412119.3,0.56094,0.56094
2011-07-17,3122.6,313992.76,412119.3,0.57302,0.57302
2011-07-18,3095.13,313698.61,412119.3,0.57068,0.57068
2011-07-19,3091.57,311095.1,412119.3,0.55003,0.55003
2011-07-20,3059.14,311050.03,412119.3,0.54967,0.54967
2011-07-21,3067.99,307952.78,412119.3,0.53364,0.53364
2011-07-24,2968.29,308538.64,412119.3,0.53525,0.53525
2011-07-25,2977.77,299078.24,412119.3,0.50294,0.50294
2011-07-26,3000.05,300562.85,412119.3,0.50978,0.50978
2011-07-27,2981.0,303332.0,412119.3,0.51857,0.51857
2011-07-28,2972.08,302210.87,412119.3,0.51563,0.51563
2011-07-31,2977.72,301204.53,412119.3,0.51008,0.51008
2011-08-01,2956.38,301736.3,412119.3,0.51235,0.51235
2011-08-02,2954.87,299469.25,412119.3,0.50422,0.50422
2011-08-03,2960.31,299891.65,412119.3,0.50649,0.50649
2011-08-04,2897.42,300475.16,412119.3,0.50876,0.50876
2011-08-07,2793.9,294578.24,412119.3,0.4786,0.4786
2011-08-08,2798.19,283328.47,412119.3,0.43487,0.43487
2011-08-09,2824.12,283287.85,412119.3,0.43459,0.43459
2011-08-10,2866.92,286560.41,412119.3,0.44531,0.44531
2011-08-11,2875.36,290538.5,412119.3,0.46054,0.46054
2011-08-14,2917.88,292321.37,412119.3,0.46994,0.46994
2011-08-15,2897.58,296315.76,412119.3,0.48773,0.48773
2011-08-16,2886.01,294234.75,412119.3,0.47837,0.47837
2011-08-17,2834.25,293582.56,412119.3,0.47613,0.47613
2011-08-18,2807.66,289156.6,412119.3,0.4539,0.4539
2011-08-21,2777.79,286525.93,412119.3,0.4433,0.4433
2011-08-22,2821.0,284400.87,412119.3,0.43786,0.43786
2011-08-23,2810.02,288824.12,412119.3,0.45302,0.45302
2011-08-24,2903.84,287838.32,412119.3,0.45016,0.45016
2011-08-25,2901.22,295429.05,412119.3,0.48843,0.48843
2011-08-28,2852.81,295541.09,412119.3,0.48876,0.48876
2011-08-29,2841.74,291885.11,412119.3,0.46727,0.46727
2011-08-30,2846.78,290632.2,412119.3,0.46119,0.46119
2011-08-31,2834.53,290759.24,412119.3,0.46218,0.46218
2011-09-01,2803.85,289414.54,412119.3,0.45612,0.45612
2011-09-04,2743.82,286289.96,412119.3,0.43982,0.43982
2011-09-05,2723.3,280494.52,412119.3,0.4261,0.4261
2011-09-06,2779.09,279115.56,412119.3,0.42263,0.42263
2011-09-07,2756.11,284536.77,412119.3,0.43642,0.43642
2011-09-08,2751.09,282688.01,412119.3,0.42976,0.42976
2011-09-12,2720.28,282308.15,412119.3,0.42821,0.42821
2011-09-13,2733.11,278976.98,412119.3,0.42156,0.42156
2011-09-14,2729.05,280733.84,412119.3,0.42639,0.42639
2011-09-15,2733.99,280309.36,412119.3,0.42548,0.42548
2011-09-18,2679.27,280818.08,412119.3,0.42775,0.42775
2011-09-19,2689.84,275730.15,412119.3,0.41349,0.41349
2011-09-20,2771.01,276909.03,412119.3,0.41577,0.41577
2011-09-21,2685.69,284230.2,412119.3,0.4371,0.4371
2011-09-22,2669.48,276394.66,412119.3,0.41397,0.41397
2011-09-25,2610.92,274902.41,412119.3,0.4099,0.4099
2011-09-26,2637.88,270307.89,412119.3,0.40013,0.40013
2011-09-27,2610.59,272556.28,412119.3,0.40558,0.40558
2011-09-28,2588.18,269972.28,412119.3,0.39962,0.39962
2011-09-29,2581.35,266493.03,412119.3,0.39241,0.39241
2011-10-09,2557.08,266011.94,412119.3,0.39152,0.39152
2011-10-10,2551.99,264645.0,412119.3,0.38938,0.38938
2011-10-11,2644.76,264968.47,412119.3,0.3904,0.3904
2011-10-12,2662.6,273169.41,412119.3,0.40846,0.40846
2011-10-13,2653.78,275609.46,412119.3,0.41514,0.41514
2011-10-16,2666.95,274816.62,412119.3,0.41236,0.41236
2011-10-17,2592.21,275954.42,412119.3,0.41777,0.41777
2011-10-18,2583.08,269981.03,412119.3,0.4005,0.4005
2011-10-19,2520.53,268996.93,412119.3,0.39899,0.39899
2011-10-20,2507.88,263155.16,412119.3,0.38679,0.38679
2011-10-23,2576.67,261045.78,412119.3,0.38278,0.38278
2011-10-24,2625.43,266641.3,412119.3,0.39322,0.39322
2011-10-25,2651.65,271728.74,412119.3,0.40615,0.40615
2011-10-26,2657.48,273877.96,412119.3,0.41154,0.41154
2011-10-27,2709.02,274773.73,412119.3,0.41442,0.41442
2011-10-30,2695.31,279452.15,412119.3,0.43045,0.43045
2011-10-31,2697.53,279455.41,412119.3,0.43081,0.43081
2011-11-01,2742.39,279744.13,412119.3,0.43116,0.43116
2011-11-02,2744.3,283980.05,412119.3,0.44403,0.44403
2011-11-03,2763.75,284658.8,412119.3,0.44875,0.44875
2011-11-06,2736.25,286926.38,412119.3,0.45659,0.45659
2011-11-07,2727.71,285040.68,412119.3,0.44944,0.44944
2011-11-08,2751.65,283986.07,412119.3,0.44354,0.44354
2011-11-09,2699.59,286923.18,412119.3,0.45698,0.45698
2011-11-10,2695.0,282111.4,412119.3,0.43676,0.43676
2011-11-13,2750.2,282351.97,412119.3,0.43773,0.43773
2011-11-14,2744.68,288192.9,412119.3,0.46484,0.46484
2011-11-15,2670.12,288507.82,412119.3,0.46642,0.46642
2011-11-16,2662.02,281338.26,412119.3,0.43443,0.43443
2011-11-17,2606.49,281198.35,412119.3,0.43416,0.43416
2011-11-20,2609.69,275403.05,412119.3,0.41341,0.41341
2011-11-21,2609.47,275381.76,412119.3,0.41315,0.41315
2011-11-22,2584.01,275180.24,412119.3,0.4129,0.4129
2011-11-23,2588.91,273633.51,412119.3,0.40644,0.40644
2011-11-24,2569.97,273990.77,412119.3,0.40743,0.40743
2011-11-27,2573.32,272133.52,412119.3,0.40161,0.40161
2011-11-28,2608.57,272374.32,412119.3,0.4026,0.4026
2011-11-29,2521.52,275789.01,412119.3,0.41842,0.41842
2011-11-30,2583.61,266869.93,412119.3,0.38851,0.38851
2011-12-01,2557.31,272867.83,412119.3,0.40432,0.40432
2011-12-04,2521.39,269403.33,412119.3,0.39482,0.39482
2011-12-05,2516.34,265453.76,412119.3,0.38348,0.38348
2011-12-06,2528.23,264854.21,412119.3,0.38139,0.38139
2011-12-07,2525.0,265560.88,412119.3,0.38424,0.38424
2011-12-08,2503.46,265498.49,412119.3,0.384,0.384
2011-12-11,2477.69,263753.88,412119.3,0.38007,0.38007
2011-12-12,2421.93,261137.96,412119.3,0.37492,0.37492
2011-12-13,2397.48,255788.06,412119.3,0.36609,0.36609
2011-12-14,2340.79,253076.98,412119.3,0.35912,0.35912
2011-12-15,2390.13,247836.99,412119.3,0.34663,0.34663
2011-12-18,2384.41,253937.38,412119.3,0.36235,0.36235
2011-12-19,2377.07,253534.5,412119.3,0.36091,0.36091
2011-12-20,2339.11,253015.05,412119.3,0.35885,0.35885
2011-12-21,2341.34,249486.37,412119.3,0.34884,0.34884
2011-12-22,2359.16,248624.63,412119.3,0.3474,0.3474
2011-12-25,2335.7,250621.28,412119.3,0.35513,0.35513
2011-12-26,2305.03,248802.28,412119.3,0.34881,0.34881
2011-12-27,2307.93,245298.36,412119.3,0.34188,0.34188
2011-12-28,2311.36,245687.5,412119.3,0.34289,0.34289
2011-12-29,2345.74,246111.53,412119.3,0.34451,0.34451
2012-01-03,2298.75,249387.8,487940.2,0.27179,0.27179
2012-01-04,2276.39,245278.59,487940.2,0.26431,0.26431
2012-01-05,2290.6,241741.37,487940.2,0.26354,0.26354
2012-01-08,2368.57,243521.71,487940.2,0.2646,0.2646
2012-01-09,2447.35,250897.19,487940.2,0.27477,0.27477
2012-01-10,2435.61,258162.43,487940.2,0.28007,0.28007
2012-01-11,2435.22,257337.07,487940.2,0.2793,0.2793
2012-01-12,2394.33,256955.45,487940.2,0.27913,0.27913
2012-01-15,2345.65,252394.9,487940.2,0.27471,0.27471
2012-01-16,2460.6,247469.07,487940.2,0.26848,0.26848
2012-01-17,2422.19,258083.17,487940.2,0.28165,0.28165
2012-01-18,2468.35,253770.48,487940.2,0.27663,0.27663
2012-01-19,2504.09,257031.09,487940.2,0.2807,0.2807
2012-01-29,2460.72,259991.54,487940.2,0.28597,0.28597
2012-01-30,2464.26,256447.53,487940.2,0.27976,0.27976
2012-01-31,2428.99,257092.88,487940.2,0.2814,0.2814
2012-02-01,2486.24,254690.62,487940.2,0.27701,0.27701
2012-02-02,2506.09,259807.44,487940.2,0.28649,0.28649
2012-02-05,2504.32,262248.4,487940.2,0.28993,0.28993
2012-02-06,2457.95,262704.22,487940.2,0.29036,0.29036
2012-02-07,2528.24,258320.98,487940.2,0.28417,0.28417
2012-02-08,2529.23,264627.92,487940.2,0.29302,0.29302
2012-02-09,2533.62,265298.14,487940.2,0.29465,0.29465
2012-02-12,2531.98,265666.53,487940.2,0.29567,0.29567
2012-02-13,2522.11,266169.06,487940.2,0.2967,0.2967
2012-02-14,2549.61,265499.14,487940.2,0.29472,0.29472
2012-02-15,2536.07,268302.15,487940.2,0.30114,0.30114
2012-02-16,2537.09,267450.77,487940.2,0.29916,0.29916
2012-02-19,2540.71,267504.75,487940.2,0.29958,0.29958
2012-02-20,2562.45,268253.52,487940.2,0.3018,0.3018
2012-02-21,2597.48,270593.88,487940.2,0.3094,0.3094
2012-02-22,2606.26,273743.36,487940.2,0.31519,0.31519
2012-02-23,2648.02,274665.97,487940.2,0.31859,0.31859
2012-02-26,2656.57,278094.58,487940.2,0.32915,0.32915
2012-02-27,2662.46,278914.82,487940.2,0.33194,0.33194
2012-02-28,2634.14,278866.16,487940.2,0.33174,0.33174
2012-02-29,2633.34,276053.61,487940.2,0.32379,0.32379
2012-03-01,2679.93,275992.94,487940.2,0.3236,0.3236
2012-03-04,2662.7,280246.7,487940.2,0.33591,0.33591
2012-03-05,2621.05,278796.49,487940.2,0.33155,0.33155
2012-03-06,2603.01,275407.8,487940.2,0.32243,0.32243
2012-03-07,2635.79,273721.92,487940.2,0.31332,0.31332
2012-03-08,2664.3,276777.32,487940.2,0.3268,0.3268
2012-03-11,2654.4,280638.67,487940.2,0.33789,0.33789
2012-03-12,2681.07,280404.48,487940.2,0.33769,0.33769
2012-03-13,2605.11,282996.51,487940.2,0.34164,0.34164
2012-03-14,2585.55,274789.28,487940.2,0.31713,0.31713
2012-03-15,2623.52,272955.23,487940.2,0.31102,0.31102
2012-03-18,2630.01,277121.13,487940.2,0.328,0.328
2012-03-19,2584.45,278429.83,487940.2,0.33195,0.33195
2012-03-20,2587.79,274007.59,487940.2,0.31402,0.31402
2012-03-21,2583.75,274175.78,487940.2,0.31501,0.31501
2012-03-22,2552.94,273872.51,487940.2,0.31364,0.31364
2012-03-25,2555.44,270526.41,487940.2,0.3046,0.3046
2012-03-26,2547.14,270722.6,487940.2,0.30737,0.30737
2012-03-27,2474.9,270294.9,487940.2,0.30366,0.30366
2012-03-28,2443.12,262513.1,487940.2,0.28462,0.28462
2012-03-29,2454.9,259603.22,487940.2,0.28033,0.28033
2012-04-04,2512.83,260454.61,487940.2,0.28311,0.28311
2012-04-05,2519.83,265561.85,487940.2,0.29118,0.29118
2012-04-08,2495.15,266229.89,487940.2,0.29394,0.29394
2012-04-09,2519.79,263699.95,487940.2,0.28731,0.28731
2012-04-10,2520.04,266154.06,487940.2,0.2936,0.2936
2012-04-11,2570.44,266561.96,487940.2,0.29519,0.29519
2012-04-12,2580.45,271467.46,487940.2,0.31144,0.31144
2012-04-15,2574.04,272512.76,487940.2,0.31301,0.31301
2012-04-16,2541.88,272153.51,487940.2,0.31283,0.31283
2012-04-17,2599.91,269360.28,487940.2,0.30328,0.30328
2012-04-18,2596.06,274621.15,487940.2,0.32358,0.32358
2012-04-19,2626.84,274273.67,487940.2,0.32222,0.32222
2012-04-22,2606.04,277167.34,487940.2,0.33606,0.33606
2012-04-23,2604.87,274408.06,487940.2,0.32301,0.32301
2012-04-24,2625.99,273921.97,487940.2,0.31932,0.31932
2012-04-25,2631.49,276067.51,487940.2,0.33314,0.33314
2012-04-26,2626.16,275865.41,487940.2,0.33178,0.33178
2012-05-01,2683.49,275230.26,487940.2,0.32867,0.32867
2012-05-02,2691.52,279824.24,487940.2,0.34712,0.34712
2012-05-03,2715.88,280516.79,487940.2,0.34983,0.34983
2012-05-06,2717.78,282248.54,487940.2,0.35253,0.35253
2012-05-07,2709.12,282947.67,487940.2,0.35407,0.35407
2012-05-08,2657.51,282586.49,487940.2,0.35328,0.35328
2012-05-09,2657.21,278035.2,487940.2,0.33972,0.33972
2012-05-10,2636.92,278423.49,487940.2,0.34127,0.34127
2012-05-13,2615.53,276797.62,487940.2,0.33527,0.33527
2012-05-14,2617.37,275148.65,487940.2,0.3258,0.3258
2012-05-15,2574.65,274631.48,487940.2,0.32271,0.32271
2012-05-16,2613.94,271103.07,487940.2,0.30805,0.30805
2012-05-17,2573.98,274730.67,487940.2,0.32407,0.32407
2012-05-20,2587.23,270873.91,487940.2,0.30769,0.30769
2012-05-21,2627.53,271402.5,487940.2,0.30867,0.30867
2012-05-22,2616.87,274468.8,487940.2,0.32236,0.32236
2012-05-23,2595.26,273521.75,487940.2,0.31467,0.31467
2012-05-24,2573.1,271870.96,487940.2,0.30987,0.30987
2012-05-27,2614.69,269727.05,487940.2,0.30104,0.30104
2012-05-28,2650.85,272983.44,487940.2,0.3147,0.3147
2012-05-29,2642.26,276423.0,487940.2,0.33871,0.33871
2012-05-30,2632.04,276114.51,487940.2,0.33679,0.33679
2012-05-31,2633.0,275256.54,487940.2,0.33142,0.33142
2012-06-03,2559.03,275372.64,487940.2,0.33353,0.33353
2012-06-04,2558.84,268012.5,487940.2,0.29368,0.29368
2012-06-05,2557.4,268292.73,487940.2,0.29523,0.29523
2012-06-06,2542.18,268068.58,487940.2,0.29392,0.29392
2012-06-07,2524.33,266473.97,487940.2,0.28858,0.28858
2012-06-10,2558.26,265183.3,487940.2,0.28326,0.28326
2012-06-11,2540.18,268436.77,487940.2,0.29742,0.29742
2012-06-12,2580.64,266985.5,487940.2,0.29095,0.29095
2012-06-13,2560.42,270706.53,487940.2,0.30796,0.30796
2012-06-14,2568.05,268323.11,487940.2,0.29748,0.29748
2012-06-17,2581.21,269412.02,487940.2,0.30132,0.30132
2012-06-18,2558.62,270912.06,487940.2,0.31086,0.31086
2012-06-19,2552.61,269337.57,487940.2,0.3004,0.3004
2012-06-20,2512.18,268751.92,487940.2,0.29795,0.29795
2012-06-24,2456.52,265167.37,487940.2,0.2818,0.2818
2012-06-25,2454.91,259748.37,487940.2,0.27195,0.27195
2012-06-26,2447.2,259527.07,487940.2,0.27123,0.27123
2012-06-27,2425.73,259169.07,487940.2,0.2705,0.2705
2012-06-28,2461.61,256830.03,487940.2,0.26466,0.26466
2012-07-01,2465.24,260287.17,487940.2,0.27588,0.27588
2012-07-02,2468.72,261246.72,487940.2,0.27743,0.27743
2012-07-03,2464.92,261796.11,487940.2,0.27841,0.27841
2012-07-04,2430.37,261353.05,487940.2,0.27768,0.27768
2012-07-05,2472.61,258058.38,487940.2,0.26731,0.26731
2012-07-08,2416.04,261368.12,487940.2,0.2785,0.2785
2012-07-09,2406.71,255466.26,487940.2,0.26134,0.26134
2012-07-10,2425.57,254414.2,487940.2,0.26006,0.26006
2012-07-11,2449.18,255712.84,487940.2,0.26331,0.26331
2012-07-12,2450.63,257493.72,487940.2,0.26825,0.26825
2012-07-15,2399.73,257206.55,487940.2,0.26697,0.26697
2012-07-16,2414.2,251550.05,487940.2,0.25664,0.25664
2012-07-17,2414.34,253066.0,487940.2,0.25819,0.25819
2012-07-18,2424.32,253902.15,487940.2,0.25974,0.25974
2012-07-19,2398.45,255805.62,487940.2,0.26467,0.26467
2012-07-22,2365.43,253827.25,487940.2,0.25945,0.25945
2012-07-23,2375.99,250702.18,487940.2,0.25536,0.25536
2012-07-24,2360.08,251488.31,487940.2,0.25634,0.25634
2012-07-25,2347.49,250200.22,487940.2,0.25507,0.25507
2012-07-26,2349.11,248985.31,487940.2,0.25267,0.25267
2012-07-29,2335.79,248999.3,487940.2,0.25309,0.25309
2012-07-30,2332.92,246413.72,487940.2,0.24733,0.24733
2012-07-31,2358.65,245687.92,487940.2,0.24551,0.24551
2012-08-01,2334.88,248366.73,487940.2,0.25211,0.25211
2012-08-02,2353.74,246865.54,487940.2,0.24916,0.24916
2012-08-05,2385.61,249809.06,487940.2,0.25687,0.25687
2012-08-06,2388.87,253005.32,487940.2,0.26177,0.26177
2012-08-07,2389.8,253708.21,487940.2,0.26275,0.26275
2012-08-08,2411.7,254045.47,487940.2,0.2654,0.2654
2012-08-09,2399.75,256159.82,487940.2,0.2714,0.2714
2012-08-12,2351.93,255623.69,487940.2,0.26902,0.26902
2012-08-13,2357.02,251630.7,487940.2,0.25992,0.25992
2012-08-14,2331.61,252634.61,487940.2,0.26145,0.26145
2012-08-15,2319.67,250099.78,487940.2,0.25628,0.25628
2012-08-16,2313.48,249022.75,487940.2,0.25391,0.25391
2012-08-19,2301.79,249119.86,487940.2,0.25432,0.25432
2012-08-20,2313.7,248630.39,487940.2,0.25251,0.25251
2012-08-21,2295.59,250447.68,487940.2,0.25905,0.25905
2012-08-22,2302.2,249073.28,487940.2,0.25445,0.25445
2012-08-23,2275.68,250073.94,487940.2,0.25765,0.25765
2012-08-26,2228.2,247245.57,487940.2,0.24805,0.24805
2012-08-27,2238.41,242846.04,487940.2,0.2418,0.2418
2012-08-28,2214.81,244678.22,487940.2,0.24278,0.24278
2012-08-29,2211.37,242688.19,487940.2,0.24153,0.24153
2012-08-30,2204.87,241799.29,487940.2,0.24084,0.24084
2012-09-02,2228.37,241514.82,487940.2,0.24016,0.24016
2012-09-03,2204.41,243630.01,487940.2,0.2439,0.2439
2012-09-04,2199.88,241528.25,487940.2,0.24044,0.24044
2012-09-05,2217.82,241356.76,487940.2,0.23976,0.23976
2012-09-06,2317.18,243246.31,487940.2,0.24405,0.24405
2012-09-09,2326.67,252203.42,487940.2,0.26715,0.26715
2012-09-10,2311.89,253300.79,487940.2,0.27032,0.27032
2012-09-11,2320.07,251851.66,487940.2,0.26685,0.26685
2012-09-12,2298.46,252644.01,487940.2,0.26946,0.26946
2012-09-13,2315.54,250366.43,487940.2,0.26325,0.26325
2012-09-16,2258.7,251686.08,487940.2,0.26696,0.26696
2012-09-17,2235.24,245923.51,487940.2,0.24642,0.24642
2012-09-18,2246.24,243896.64,487940.2,0.24463,0.24463
2012-09-19,2195.95,245027.38,487940.2,0.24559,0.24559
2012-09-20,2199.06,239585.27,487940.2,0.2372,0.2372
2012-09-23,2215.52,239286.63,487940.2,0.23707,0.23707
2012-09-24,2210.15,240265.16,487940.2,0.23859,0.23859
2012-09-25,2184.89,239505.02,487940.2,0.23736,0.23736
2012-09-26,2251.72,236057.17,487940.2,0.23284,0.23284
2012-09-27,2293.11,242236.9,487940.2,0.24369,0.24369
2012-10-07,2270.05,246041.91,487940.2,0.25014,0.25014
2012-10-08,2320.16,244758.49,487940.2,0.24781,0.24781
2012-10-09,2324.12,250527.66,487940.2,0.26849,0.26849
2012-10-10,2302.53,251569.48,487940.2,0.27108,0.27108
2012-10-11,2304.53,249310.93,487940.2,0.26327,0.26327
2012-10-14,2294.86,249490.68,487940.2,0.26422,0.26422
2012-10-15,2298.16,248568.06,487940.2,0.25861,0.25861
2012-10-16,2300.8,248785.14,487940.2,0.26011,0.26011
2012-10-17,2336.08,249445.45,487940.2,0.26488,0.26488
2012-10-18,2332.47,252750.32,487940.2,0.27784,0.27784
2012-10-21,2341.59,252468.65,487940.2,0.27605,0.27605
2012-10-22,2312.08,253244.91,487940.2,0.27972,0.27972
2012-10-23,2307.78,250819.29,487940.2,0.27084,0.27084
2012-10-24,2291.24,250663.3,487940.2,0.27015,0.27015
2012-10-25,2247.91,248911.47,487940.2,0.25966,0.25966
2012-10-28,2235.85,244592.01,487940.2,0.24538,0.24538
2012-10-29,2239.88,243864.3,487940.2,0.2447,0.2447
2012-10-30,2254.82,244297.74,487940.2,0.24565,0.24565
2012-10-31,2297.88,245116.91,487940.2,0.24823,0.24823
2012-11-01,2306.77,249432.74,487940.2,0.26602,0.26602
2012-11-04,2301.88,250859.34,487940.2,0.27401,0.27401
2012-11-05,2292.21,250231.74,487940.2,0.27061,0.27061
2012-11-06,2287.51,249250.12,487940.2,0.2645,0.2645
2012-11-07,2245.41,249192.31,487940.2,0.26436,0.26436
2012-11-08,2240.92,244923.08,487940.2,0.24689,0.24689
2012-11-11,2251.85,244510.14,487940.2,0.24513,0.24513
2012-11-12,2212.44,245673.52,487940.2,0.24932,0.24932
2012-11-13,2223.11,241907.22,487940.2,0.23946,0.23946
2012-11-14,2193.62,242619.75,487940.2,0.24095,0.24095
2012-11-15,2177.24,239451.08,487940.2,0.2338,0.2338
2012-11-18,2174.99,237714.34,487940.2,0.23152,0.23152
2012-11-19,2164.88,237961.0,487940.2,0.23193,0.23193
2012-11-20,2194.9,237055.59,487940.2,0.23019,0.23019
2012-11-21,2177.55,239523.99,487940.2,0.23599,0.23599
2012-11-22,2192.68,237573.45,487940.2,0.23156,0.23156
2012-11-25,2175.6,238744.33,487940.2,0.23412,0.23412
2012-11-26,2150.64,237053.53,487940.2,0.22969,0.22969
2012-11-27,2129.16,233146.29,487940.2,0.22634,0.22634
2012-11-28,2115.68,230698.71,487940.2,0.22407,0.22407
2012-11-29,2139.66,229279.95,487940.2,0.22342,0.22342
2012-12-02,2108.85,231397.34,487940.2,0.22544,0.22544
2012-12-03,2131.47,228442.4,487940.2,0.22318,0.22318
2012-12-04,2207.88,230424.42,487940.2,0.22466,0.22466
2012-12-05,2203.6,237522.18,487940.2,0.23419,0.23419
2012-12-06,2246.76,237288.16,487940.2,0.23299,0.23299
2012-12-09,2271.05,241196.98,487940.2,0.24304,0.24304
2012-12-10,2258.5,244047.33,487940.2,0.25201,0.25201
2012-12-11,2267.77,242905.69,487940.2,0.2492,0.2492
2012-12-12,2242.64,243629.9,487940.2,0.25067,0.25067
2012-12-13,2355.86,241124.48,487940.2,0.24252,0.24252
2012-12-16,2366.7,251427.64,487940.2,0.28617,0.28617
2012-12-17,2368.12,252540.15,487940.2,0.29136,0.29136
2012-12-18,2371.11,252608.2,487940.2,0.29227,0.29227
2012-12-19,2384.82,252998.48,487940.2,0.29424,0.29424
2012-12-20,2372.0,253819.42,487940.2,0.29835,0.29835
2012-12-23,2381.22,252523.76,487940.2,0.29073,0.29073
2012-12-24,2448.39,253544.22,487940.2,0.29697,0.29697
2012-12-25,2457.62,260084.47,487940.2,0.31968,0.31968
2012-12-26,2444.59,261557.06,487940.2,0.3243,0.3243
2012-12-27,2480.05,259843.26,487940.2,0.31828,0.31828
2012-12-30,2522.95,262897.81,487940.2,0.32714,0.32714
2013-01-03,2524.41,267207.47,538580.0,0.24522,0.24522
2013-01-06,2535.99,267963.28,538580.0,0.24775,0.24775
2013-01-07,2525.33,269266.67,538580.0,0.25239,0.25239
2013-01-08,2526.13,268998.47,538580.0,0.25119,0.25119
2013-01-09,2530.57,268996.48,538580.0,0.25106,0.25106
2013-01-10,2483.23,270184.85,538580.0,0.25675,0.25675
2013-01-13,2577.72,265682.17,538580.0,0.24021,0.24021
2013-01-14,2595.86,274161.94,538580.0,0.26917,0.26917
2013-01-15,2577.09,276306.98,538580.0,0.2833,0.2833
2013-01-16,2552.76,274602.52,538580.0,0.27153,0.27153
2013-01-17,2595.44,271750.96,538580.0,0.26241,0.26241
2013-01-20,2610.9,275596.02,538580.0,0.28074,0.28074
2013-01-21,2596.9,276895.53,538580.0,0.2885,0.2885
2013-01-22,2607.46,274937.48,538580.0,0.27517,0.27517
2013-01-23,2582.76,275674.72,538580.0,0.28135,0.28135
2013-01-24,2571.67,272928.43,538580.0,0.26593,0.26593
2013-01-27,2651.86,271742.31,538580.0,0.26158,0.26158
2013-01-28,2675.87,278312.6,538580.0,0.29458,0.29458
2013-01-29,2688.71,279901.11,538580.0,0.30336,0.30336
2013-01-30,2686.88,282448.87,538580.0,0.31319,0.31319
2013-01-31,2743.32,282487.31,538580.0,0.31355,0.31355
2013-02-03,2748.03,286235.47,538580.0,0.32283,0.32283
2013-02-04,2771.68,286377.8,538580.0,0.32319,0.32319
2013-02-05,2775.84,287321.55,538580.0,0.32931,0.32931
2013-02-06,2759.87,287864.38,538580.0,0.33019,0.33019
2013-02-07,2771.72,286605.83,538580.0,0.32478,0.32478
2013-02-17,2737.47,288935.78,538580.0,0.33403,0.33403
2013-02-18,2685.61,288159.79,538580.0,0.33072,0.33072
2013-02-19,2702.64,283524.31,538580.0,0.31433,0.31433
2013-02-20,2610.55,285983.41,538580.0,0.32148,0.32148
2013-02-21,2596.6,278192.89,538580.0,0.29258,0.29258
2013-02-24,2604.96,276852.01,538580.0,0.28721,0.28721
2013-02-25,2567.59,278422.14,538580.0,0.29436,0.29436
2013-02-26,2594.68,274641.96,538580.0,0.27074,0.27074
2013-02-27,2673.33,276564.22,538580.0,0.28571,0.28571
2013-02-28,2668.84,282696.87,538580.0,0.31423,0.31423
2013-03-03,2545.72,282907.24,538580.0,0.3151,0.3151
2013-03-04,2622.81,272771.35,538580.0,0.26236,0.26236
2013-03-05,2650.2,279122.47,538580.0,0.30021,0.30021
2013-03-06,2619.48,281977.1,538580.0,0.30993,0.30993
2013-03-07,2606.93,278975.12,538580.0,0.29938,0.29938
2013-03-10,2592.37,277911.13,538580.0,0.29247,0.29247
2013-03-11,2555.61,277271.33,538580.0,0.2892,0.2892
2013-03-12,2527.49,273564.59,538580.0,0.26466,0.26466
2013-03-13,2534.27,271062.18,538580.0,0.25467,0.25467
2013-03-14,2539.87,271963.74,538580.0,0.25972,0.25972
2013-03-17,2502.49,273073.63,538580.0,0.26425,0.26425
2013-03-18,2525.1,268689.58,538580.0,0.24443,0.24443
2013-03-19,2610.17,270416.86,538580.0,0.25311,0.25311
2013-03-20,2614.99,277785.1,538580.0,0.29436,0.29436
2013-03-21,2618.31,279041.47,538580.0,0.30352,0.30352
2013-03-24,2613.1,279611.92,538580.0,0.30698,0.30698
2013-03-25,2575.05,279616.76,538580.0,0.30733,0.30733
2013-03-26,2583.53,276416.99,538580.0,0.28549,0.28549
2013-03-27,2499.3,276895.79,538580.0,0.29051,0.29051
2013-03-28,2495.08,269257.49,538580.0,0.24755,0.24755
2013-03-31,2493.19,269240.56,538580.0,0.24742,0.24742
2013-04-01,2486.39,269493.59,538580.0,0.24936,0.24936
2013-04-02,2483.55,268140.17,538580.0,0.24253,0.24253
2013-04-07,2472.3,267430.74,538580.0,0.23984,0.23984
2013-04-08,2489.43,266704.75,538580.0,0.23663,0.23663
2013-04-09,2485.31,268477.26,538580.0,0.2437,0.2437
2013-04-10,2477.88,268131.86,538580.0,0.24306,0.24306
2013-04-11,2462.11,267450.43,538580.0,0.24037,0.24037
2013-04-14,2436.82,265923.64,538580.0,0.23357,0.23357
2013-04-15,2459.59,262993.19,538580.0,0.2273,0.2273
2013-04-16,2458.47,264788.79,538580.0,0.23231,0.23231
2013-04-17,2464.85,265330.87,538580.0,0.23321,0.23321
2013-04-18,2533.83,265902.41,538580.0,0.23463,0.23463
2013-04-21,2530.67,271670.74,538580.0,0.26216,0.26216
2013-04-22,2449.47,271934.34,538580.0,0.2651,0.2651
2013-04-23,2495.58,265025.46,538580.0,0.23223,0.23223
2013-04-24,2467.88,269451.6,538580.0,0.25358,0.25358
2013-04-25,2447.31,266790.94,538580.0,0.23863,0.23863
2013-05-01,2449.64,263890.15,538580.0,0.22778,0.22778
2013-05-02,2492.91,264225.09,538580.0,0.2292,0.2292
2013-05-05,2525.98,268425.47,538580.0,0.24745,0.24745
2013-05-06,2529.94,271933.66,538580.0,0.26721,0.26721
2013-05-07,2542.8,272322.32,538580.0,0.27013,0.27013
2013-05-08,2527.79,274239.61,538580.0,0.27764,0.27764
2013-05-09,2540.84,273359.73,538580.0,0.27444,0.27444
2013-05-12,2530.77,274784.3,538580.0,0.28193,0.28193
2013-05-13,2493.34,274564.06,538580.0,0.27976,0.27976
2013-05-14,2506.93,271281.89,538580.0,0.26233,0.26233
2013-05-15,2552.71,273063.9,538580.0,0.27287,0.27287
2013-05-16,2592.05,276273.7,538580.0,0.29507,0.29507
2013-05-19,2609.61,280466.64,538580.0,0.32386,0.32386
2013-05-20,2614.85,282999.03,538580.0,0.33283,0.33283
2013-05-21,2618.03,284450.84,538580.0,0.33824,0.33824
2013-05-22,2582.85,283442.16,538580.0,0.3335,0.3335
2013-05-23,2597.23,280475.53,538580.0,0.32371,0.32371
2013-05-26,2599.59,282609.57,538580.0,0.33114,0.33114
2013-05-27,2644.36,283584.4,538580.0,0.33553,0.33553
2013-05-28,2642.56,286066.87,538580.0,0.34396,0.34396
2013-05-29,2634.32,286722.08,538580.0,0.34783,0.34783
2013-05-30,2606.43,286169.97,538580.0,0.34411,0.34411
2013-06-02,2602.62,284088.6,538580.0,0.33788,0.33788
2013-06-03,2565.67,283337.9,538580.0,0.33317,0.33317
2013-06-04,2560.54,279518.72,538580.0,0.31534,0.31534
2013-06-05,2527.84,279835.06,538580.0,0.3177,0.3177
2013-06-06,2484.16,276286.66,538580.0,0.29335,0.29335
2013-06-12,2399.94,272419.42,538580.0,0.26801,0.26801
2013-06-13,2416.77,264864.65,538580.0,0.22961,0.22961
2013-06-16,2403.84,267643.1,538580.0,0.24107,0.24107
2013-06-17,2418.74,267225.18,538580.0,0.23893,0.23893
2013-06-18,2400.76,267607.35,538580.0,0.24133,0.24133
2013-06-19,2321.47,265780.17,538580.0,0.23216,0.23216
2013-06-20,2317.39,257993.53,538580.0,0.21497,0.21497
2013-06-23,2171.21,255901.33,538580.0,0.21235,0.21235
2013-06-24,2165.42,242047.83,538580.0,0.20572,0.20572
2013-06-25,2168.3,241748.65,538580.0,0.20562,0.20562
2013-06-26,2160.74,242719.57,538580.0,0.20652,0.20652
2013-06-27,2200.64,241714.52,538580.0,0.20541,0.20541
2013-06-30,2213.32,244486.19,538580.0,0.20731,0.20731
2013-07-01,2221.98,247679.22,538580.0,0.20871,0.20871
2013-07-02,2203.83,249919.28,538580.0,0.2096,0.2096
2013-07-03,2221.98,248895.4,538580.0,0.209,0.209
2013-07-04,2226.85,250384.42,538580.0,0.21089,0.21089
2013-07-07,2163.62,250284.11,538580.0,0.21079,0.21079
2013-07-08,2162.67,243577.31,538580.0,0.20669,0.20669
2013-07-09,2224.07,244487.62,538580.0,0.20758,0.20758
2013-07-10,2326.69,249897.07,538580.0,0.21047,0.21047
2013-07-11,2275.37,257599.24,538580.0,0.21984,0.21984
2013-07-14,2307.3,254276.11,538580.0,0.21525,0.21525
2013-07-15,2317.85,257429.1,538580.0,0.22012,0.22012
2013-07-16,2282.84,258799.24,538580.0,0.2225,0.2225
2013-07-17,2245.33,255692.68,538580.0,0.21741,0.21741
2013-07-18,2190.48,253569.21,538580.0,0.21482,0.21482
2013-07-21,2202.19,249412.44,538580.0,0.20974,0.20974
2013-07-22,2265.84,251624.72,538580.0,0.21311,0.21311
2013-07-23,2249.15,256883.28,538580.0,0.21946,0.21946
2013-07-24,2237.68,256484.86,538580.0,0.21935,0.21935
2013-07-25,2224.01,253934.2,538580.0,0.21577,0.21577
2013-07-28,2175.97,253022.4,538580.0,0.21418,0.21418
2013-07-29,2189.39,248496.4,538580.0,0.20813,0.20813
2013-07-30,2193.02,249665.77,538580.0,0.21,0.21
2013-07-31,2245.36,250273.36,538580.0,0.21188,0.21188
2013-08-01,2247.26,255539.22,538580.0,0.22019,0.22019
2013-08-04,2278.33,255841.23,538580.0,0.22107,0.22107
2013-08-05,2293.64,258962.48,538580.0,0.22788,0.22788
2013-08-06,2280.62,260556.75,538580.0,0.22925,0.22925
2013-08-07,2276.78,258447.14,538580.0,0.22667,0.22667
2013-08-08,2286.01,258615.04,538580.0,0.22705,0.22705
2013-08-11,2352.79,259334.34,538580.0,0.22891,0.22891
2013-08-12,2359.07,264520.53,538580.0,0.24211,0.24211
2013-08-13,2349.08,265378.81,538580.0,0.24593,0.24593
2013-08-14,2321.58,264610.23,538580.0,0.24286,0.24286
2013-08-15,2304.14,262154.17,538580.0,0.23387,0.23387
2013-08-18,2331.43,259538.68,538580.0,0.22884,0.22884
2013-08-19,2312.47,262331.32,538580.0,0.23561,0.23561
2013-08-20,2308.59,260691.28,538580.0,0.23058,0.23058
2013-08-21,2303.93,261120.3,538580.0,0.23145,0.23145
2013-08-22,2286.93,260857.33,538580.0,0.23134,0.23134
2013-08-25,2335.62,259852.96,538580.0,0.22877,0.22877
2013-08-26,2340.88,264654.92,538580.0,0.24583,0.24583
2013-08-27,2328.06,265601.32,538580.0,0.24963,0.24963
2013-08-28,2318.31,264288.38,538580.0,0.24216,0.24216
2013-08-29,2313.91,263761.13,538580.0,0.24008,0.24008
2013-09-01,2320.34,262529.36,538580.0,0.23751,0.23751
2013-09-02,2354.5,263480.11,538580.0,0.23984,0.23984
2013-09-03,2350.7,266919.06,538580.0,0.25783,0.25783
2013-09-04,2341.74,267240.42,538580.0,0.25966,0.25966
2013-09-05,2357.78,267274.43,538580.0,0.26051,0.26051
2013-09-08,2440.61,269149.82,538580.0,0.27113,0.27113
2013-09-09,2474.89,276660.16,538580.0,0.31836,0.31836
2013-09-10,2482.89,278962.55,538580.0,0.33333,0.33333
2013-09-11,2507.45,278338.91,538580.0,0.32829,0.32829
2013-09-12,2488.9,279839.61,538580.0,0.34032,0.34032
2013-09-15,2478.39,278578.03,538580.0,0.32943,0.32943
2013-09-16,2427.32,278467.75,538580.0,0.32927,0.32927
2013-09-17,2432.51,272875.14,538580.0,0.29114,0.29114
2013-09-22,2472.29,274587.05,538580.0,0.30024,0.30024
2013-09-23,2443.89,278869.29,538580.0,0.33463,0.33463
2013-09-24,2429.03,277484.31,538580.0,0.3228,0.3228
2013-09-25,2384.44,276257.49,538580.0,0.3139,0.3139
2013-09-26,2394.97,271512.73,538580.0,0.28169,0.28169
2013-09-29,2409.04,272224.29,538580.0,0.28786,0.28786
2013-10-07,2441.81,274527.84,538580.0,0.29985,0.29985
2013-10-08,2453.58,277931.27,538580.0,0.32832,0.32832
2013-10-09,2429.32,279886.69,538580.0,0.34464,0.34464
2013-10-10,2468.51,277439.46,538580.0,0.32364,0.32364
2013-10-13,2472.54,281574.84,538580.0,0.35206,0.35206
2013-10-14,2467.52,283022.19,538580.0,0.35963,0.35963
2013-10-15,2421.37,282241.91,538580.0,0.35462,0.35462
2013-10-16,2413.33,276774.92,538580.0,0.31963,0.31963
2013-10-17,2426.05,276434.63,538580.0,0.31658,0.31658
2013-10-20,2471.32,277504.51,538580.0,0.32464,0.32464
2013-10-21,2445.89,282662.56,538580.0,0.35876,0.35876
2013-10-22,2418.49,280027.35,538580.0,0.34604,0.34604
2013-10-23,2400.51,275953.6,538580.0,0.31066,0.31066
2013-10-24,2368.56,273708.9,538580.0,0.29364,0.29364
2013-10-27,2365.95,269610.23,538580.0,0.27181,0.27181
2013-10-28,2372.05,269558.04,538580.0,0.27168,0.27168
2013-10-29,2407.47,267975.36,538580.0,0.26095,0.26095
2013-10-30,2373.72,271897.0,538580.0,0.28441,0.28441
2013-10-31,2384.96,269285.73,538580.0,0.27032,0.27032
2013-11-03,2380.45,269793.91,538580.0,0.27356,0.27356
2013-11-04,2383.77,270143.9,538580.0,0.27535,0.27535
2013-11-05,2353.57,271788.3,538580.0,0.2853,0.2853
2013-11-06,2340.55,269399.59,538580.0,0.27076,0.27076
2013-11-07,2307.95,267681.51,538580.0,0.25864,0.25864
2013-11-10,2315.89,264723.16,538580.0,0.24269,0.24269
2013-11-11,2340.0,265669.97,538580.0,0.24688,0.24688
2013-11-12,2288.12,267867.16,538580.0,0.26018,0.26018
2013-11-13,2304.5,263065.96,538580.0,0.2342,0.2342
2013-11-14,2350.73,265320.4,538580.0,0.24509,0.24509
2013-11-17,2428.9,269747.92,538580.0,0.2756,0.2756
2013-11-18,2412.16,276885.99,538580.0,0.32664,0.32664
2013-11-19,2424.85,276610.41,538580.0,0.32361,0.32361
2013-11-20,2409.99,278388.21,538580.0,0.33779,0.33779
2013-11-21,2397.96,277964.88,538580.0,0.33524,0.33524
2013-11-24,2388.63,277113.74,538580.0,0.32888,0.32888
2013-11-25,2387.42,276119.28,538580.0,0.31727,0.31727
2013-11-26,2414.48,275986.32,538580.0,0.31569,0.31569
2013-11-27,2439.53,278709.36,538580.0,0.34175,0.34175
2013-11-28,2438.94,281122.95,538580.0,0.3597,0.3597
2013-12-01,2418.79,281930.31,538580.0,0.36143,0.36143
2013-12-02,2442.78,277025.81,538580.0,0.32889,0.32889
2013-12-03,2475.14,279597.78,538580.0,0.35062,0.35062
2013-12-04,2468.2,282800.63,538580.0,0.36947,0.36947
2013-12-05,2452.29,281815.84,538580.0,0.36169,0.36169
2013-12-08,2450.87,280867.3,538580.0,0.35962,0.35962
2013-12-09,2453.32,281803.77,538580.0,0.36182,0.36182
2013-12-10,2412.76,281767.88,538580.0,0.36165,0.36165
2013-12-11,2410.01,278063.61,538580.0,0.33586,0.33586
2013-12-12,2406.64,278498.23,538580.0,0.3395,0.3395
2013-12-15,2367.92,278190.54,538580.0,0.33602,0.33602
2013-12-16,2356.38,274166.85,538580.0,0.29844,0.29844
2013-12-17,2357.23,272771.06,538580.0,0.29072,0.29072
2013-12-18,2332.41,272370.5,538580.0,0.28964,0.28964
2013-12-19,2278.14,270996.9,538580.0,0.27862,0.27862
2013-12-22,2284.6,265647.0,538580.0,0.24444,0.24444
2013-12-23,2288.25,266679.39,538580.0,0.24953,0.24953
2013-12-24,2305.11,267681.14,538580.0,0.25744,0.25744
2013-12-25,2265.33,270212.77,538580.0,0.27715,0.27715
2013-12-26,2303.48,265956.06,538580.0,0.24681,0.24681
2013-12-29,2299.46,269985.41,538580.0,0.27547,0.27547
2013-12-30,2330.03,269836.3,538580.0,0.2744,0.2744
2014-01-01,2321.98,271910.98,592963.2,0.19746,0.19746
2014-01-02,2290.78,272130.8,592963.2,0.19783,0.19783
2014-01-05,2238.64,269670.08,592963.2,0.19633,0.19633
2014-01-06,2238.0,264487.41,592963.2,0.192,0.192
2014-01-07,2241.91,264929.85,592963.2,0.19238,0.19238
2014-01-08,2222.22,265529.3,592963.2,0.19323,0.19323
2014-01-09,2204.85,262883.66,592963.2,0.19032,0.19032
2014-01-12,2193.68,260413.01,592963.2,0.19023,0.19023
2014-01-13,2212.85,260134.48,592963.2,0.19014,0.19014
2014-01-14,2208.94,263167.93,592963.2,0.1924,0.1924
2014-01-15,2211.84,263452.36,592963.2,0.19325,0.19325
2014-01-16,2178.49,263319.64,592963.2,0.19269,0.19269
2014-01-19,2165.99,261179.57,592963.2,0.19072,0.19072
2014-01-20,2187.41,259185.42,592963.2,0.1897,0.1897
2014-01-21,2243.8,262194.15,592963.2,0.19148,0.19148
2014-01-22,2231.89,267898.65,592963.2,0.19934,0.19934
2014-01-23,2245.68,267942.03,592963.2,0.19972,0.19972
2014-01-26,2215.92,270188.48,592963.2,0.20196,0.20196
2014-01-27,2219.86,268064.34,592963.2,0.2,0.2
2014-01-28,2227.78,269132.92,592963.2,0.20084,0.20084
2014-01-29,2202.45,271043.62,592963.2,0.20401,0.20401
2014-02-06,2212.48,268877.37,592963.2,0.20065,0.20065
2014-02-09,2267.53,271164.53,592963.2,0.20476,0.20476
2014-02-10,2285.56,277212.89,592963.2,0.21259,0.21259
2014-02-11,2291.25,279484.17,592963.2,0.21575,0.21575
2014-02-12,2279.55,281063.15,592963.2,0.21844,0.21844
2014-02-13,2295.57,278668.56,592963.2,0.21462,0.21462
2014-02-16,2311.65,281641.22,592963.2,0.22057,0.22057
2014-02-17,2282.44,285170.58,592963.2,0.22884,0.22884
2014-02-18,2308.66,283258.41,592963.2,0.22408,0.22408
2014-02-19,2287.44,285771.23,592963.2,0.23048,0.23048
2014-02-20,2264.29,283939.57,592963.2,0.22573,0.22573
2014-02-23,2214.51,281428.97,592963.2,0.21959,0.21959
2014-02-24,2157.91,278153.49,592963.2,0.21299,0.21299
2014-02-25,2163.41,270974.0,592963.2,0.20269,0.20269
2014-02-26,2154.11,272052.75,592963.2,0.20491,0.20491
2014-02-27,2178.97,271128.22,592963.2,0.20389,0.20389
2014-03-02,2190.37,273060.42,592963.2,0.20658,0.20658
2014-03-03,2184.27,276089.45,592963.2,0.2125,0.2125
2014-03-04,2163.98,275493.53,592963.2,0.21055,0.21055
2014-03-05,2173.63,273648.95,592963.2,0.20722,0.20722
2014-03-06,2168.36,274450.44,592963.2,0.20851,0.20851
2014-03-09,2097.79,274011.9,592963.2,0.20749,0.20749
2014-03-10,2108.66,265853.25,592963.2,0.19446,0.19446
2014-03-11,2114.13,266017.76,592963.2,0.19483,0.19483
2014-03-12,2140.33,265638.38,592963.2,0.19428,0.19428
2014-03-13,2122.84,269176.77,592963.2,0.20157,0.20157
2014-03-16,2143.04,267530.59,592963.2,0.19779,0.19779
2014-03-17,2138.13,271020.81,592963.2,0.20415,0.20415
2014-03-18,2120.87,271534.34,592963.2,0.20636,0.20636
2014-03-19,2086.97,270739.55,592963.2,0.2035,0.2035
2014-03-20,2158.8,266072.61,592963.2,0.19512,0.19512
2014-03-23,2176.55,272490.06,592963.2,0.20883,0.20883
2014-03-24,2174.44,274171.84,592963.2,0.21241,0.21241
2014-03-25,2171.05,274011.46,592963.2,0.21094,0.21094
2014-03-26,2155.71,274322.37,592963.2,0.21314,0.21314
2014-03-27,2151.97,271266.29,592963.2,0.20661,0.20661
2014-03-30,2146.3,269331.27,592963.2,0.20193,0.20193
2014-03-31,2163.11,268362.67,592963.2,0.19954,0.19954
2014-04-01,2180.73,271030.97,592963.2,0.20587,0.20587
2014-04-02,2165.01,271879.61,592963.2,0.20852,0.20852
2014-04-03,2185.47,270483.08,592963.2,0.20385,0.20385
2014-04-07,2237.32,272858.62,592963.2,0.21154,0.21154
2014-04-08,2238.62,277706.64,592963.2,0.22334,0.22334
2014-04-09,2273.76,279090.77,592963.2,0.22598,0.22598
2014-04-10,2270.67,282336.38,592963.2,0.2332,0.2332
2014-04-13,2268.61,281514.21,592963.2,0.23172,0.23172
2014-04-14,2229.46,282174.34,592963.2,0.23344,0.23344
2014-04-15,2232.53,278749.29,592963.2,0.22511,0.22511
2014-04-16,2224.8,279057.25,592963.2,0.22592,0.22592
2014-04-17,2224.48,278553.2,592963.2,0.22354,0.22354
2014-04-20,2187.25,278674.81,592963.2,0.22526,0.22526
2014-04-21,2196.8,274713.82,592963.2,0.21604,0.21604
2014-04-22,2194.67,274731.52,592963.2,0.2164,0.2164
2014-04-23,2190.47,274091.55,592963.2,0.21357,0.21357
2014-04-24,2167.83,272616.28,592963.2,0.20983,0.20983
2014-04-27,2134.97,269363.95,592963.2,0.20109,0.20109
2014-04-28,2158.47,264197.87,592963.2,0.18963,0.18963
2014-04-29,2158.66,266684.01,592963.2,0.19545,0.19545
2014-05-04,2156.47,267705.91,592963.2,0.19673,0.19673
2014-05-05,2157.33,268564.99,592963.2,0.19936,0.19936
2014-05-06,2137.32,269192.04,592963.2,0.202,0.202
2014-05-07,2135.5,266364.85,592963.2,0.19465,0.19465
2014-05-08,2133.91,266608.75,592963.2,0.19546,0.19546
2014-05-11,2180.05,265570.17,592963.2,0.1913,0.1913
2014-05-12,2174.85,271115.43,592963.2,0.20888,0.20888
2014-05-13,2172.37,270805.04,592963.2,0.20652,0.20652
2014-05-14,2144.08,270683.22,592963.2,0.20598,0.20598
2014-05-15,2145.95,267318.78,592963.2,0.19683,0.19683
2014-05-18,2115.14,267158.71,592963.2,0.19629,0.19629
2014-05-19,2115.77,264920.21,592963.2,0.18942,0.18942
2014-05-20,2135.91,265563.5,592963.2,0.19114,0.19114
2014-05-21,2130.87,267852.0,592963.2,0.19919,0.19919
2014-05-22,2148.41,267786.96,592963.2,0.1991,0.1991
2014-05-25,2155.98,269891.15,592963.2,0.20668,0.20668
2014-05-26,2147.28,271504.62,592963.2,0.2138,0.2138
2014-05-27,2169.35,270745.47,592963.2,0.2092,0.2092
2014-05-28,2155.16,273460.05,592963.2,0.21902,0.21902
2014-05-29,2156.46,271597.43,592963.2,0.21486,0.21486
2014-06-02,2149.92,271778.47,592963.2,0.21522,0.21522
2014-06-03,2128.27,271740.64,592963.2,0.21512,0.21512
2014-06-04,2150.6,269829.01,592963.2,0.20603,0.20603
2014-06-05,2134.72,272439.92,592963.2,0.21808,0.21808
2014-06-08,2134.28,271155.03,592963.2,0.21303,0.21303
2014-06-09,2161.27,270787.29,592963.2,0.20934,0.20934
2014-06-10,2160.77,274017.88,592963.2,0.22362,0.22362
2014-06-11,2153.41,274641.75,592963.2,0.22711,0.22711
2014-06-12,2176.24,274141.19,592963.2,0.22521,0.22521
2014-06-15,2191.86,276974.38,592963.2,0.23318,0.23318
2014-06-16,2169.67,278988.27,592963.2,0.23891,0.23891
2014-06-17,2160.24,276333.72,592963.2,0.23297,0.23297
2014-06-18,2126.91,274738.0,592963.2,0.22839,0.22839
2014-06-19,2136.73,269618.9,592963.2,0.20457,0.20457
2014-06-22,2134.11,270686.25,592963.2,0.20805,0.20805
2014-06-23,2144.82,271358.97,592963.2,0.21467,0.21467
2014-06-24,2133.37,272790.74,592963.2,0.22083,0.22083
2014-06-25,2149.08,271649.08,592963.2,0.21626,0.21626
2014-06-26,2150.26,274214.69,592963.2,0.22733,0.22733
2014-06-29,2165.12,274414.86,592963.2,0.22813,0.22813
2014-06-30,2164.56,276519.7,592963.2,0.23606,0.23606
2014-07-01,2170.87,277161.15,592963.2,0.23729,0.23729
2014-07-02,2180.19,278481.07,592963.2,0.23986,0.23986
2014-07-03,2178.7,279700.53,592963.2,0.24599,0.24599
2014-07-06,2176.29,279490.08,592963.2,0.24543,0.24543
2014-07-07,2180.47,279516.23,592963.2,0.24577,0.24577
2014-07-08,2148.71,280692.66,592963.2,0.24833,0.24833
2014-07-09,2142.85,276931.79,592963.2,0.23577,0.23577
2014-07-10,2148.01,275974.75,592963.2,0.23388,0.23388
2014-07-13,2171.76,277208.08,592963.2,0.23778,0.23778
2014-07-14,2174.98,280112.89,592963.2,0.24878,0.24878
2014-07-15,2170.87,280031.83,592963.2,0.24867,0.24867
2014-07-16,2157.07,278805.26,592963.2,0.24323,0.24323
2014-07-17,2164.14,277317.61,592963.2,0.23824,0.23824
2014-07-20,2166.3,277819.12,592963.2,0.23991,0.23991
2014-07-21,2192.7,277275.47,592963.2,0.23803,0.23803
2014-07-22,2197.83,280348.78,592963.2,0.25078,0.25078
2014-07-23,2237.01,279772.8,592963.2,0.24889,0.24889
2014-07-24,2260.45,282099.47,592963.2,0.25675,0.25675
2014-07-27,2323.9,284879.59,592963.2,0.2646,0.2646
2014-07-28,2331.37,291605.2,592963.2,0.2866,0.2866
2014-07-29,2322.01,293135.62,592963.2,0.29443,0.29443
2014-07-30,2350.25,293234.52,592963.2,0.29474,0.29474
2014-07-31,2329.4,295950.5,592963.2,0.31095,0.31095
2014-08-03,2375.62,293636.11,592963.2,0.29713,0.29713
2014-08-04,2369.35,298306.41,592963.2,0.32657,0.32657
2014-08-05,2363.22,298805.73,592963.2,0.32907,0.32907
2014-08-06,2327.46,298979.41,592963.2,0.33025,0.33025
2014-08-07,2331.13,295396.19,592963.2,0.30851,0.30851
2014-08-10,2365.35,296838.28,592963.2,0.31894,0.31894
2014-08-11,2357.05,300953.89,592963.2,0.34434,0.34434
2014-08-12,2358.9,300881.84,592963.2,0.34419,0.34419
2014-08-13,2335.95,301024.04,592963.2,0.34536,0.34536
2014-08-14,2360.64,298967.98,592963.2,0.33026,0.33026
2014-08-17,2374.56,301834.62,592963.2,0.34813,0.34813
2014-08-18,2374.77,304330.4,592963.2,0.36907,0.36907
2014-08-19,2366.14,305181.66,592963.2,0.37725,0.37725
2014-08-20,2354.24,304624.4,592963.2,0.37226,0.37226
2014-08-21,2365.36,303999.2,592963.2,0.36463,0.36463
2014-08-24,2342.86,305645.22,592963.2,0.3807,0.3807
2014-08-25,2324.09,303878.04,592963.2,0.363,0.363
2014-08-26,2327.59,300447.03,592963.2,0.34049,0.34049
2014-08-27,2311.28,301231.29,592963.2,0.3456,0.3456
2014-08-28,2338.29,299044.53,592963.2,0.33012,0.33012
2014-08-31,2355.32,302094.11,592963.2,0.35098,0.35098
2014-09-01,2386.46,305296.75,592963.2,0.3797,0.3797
2014-09-02,2408.84,309477.04,592963.2,0.40971,0.40971
2014-09-03,2426.22,312384.13,592963.2,0.42526,0.42526
2014-09-04,2449.26,314864.66,592963.2,0.43163,0.43163
2014-09-08,2445.22,317238.14,592963.2,0.44105,0.44105
2014-09-09,2432.43,317816.7,592963.2,0.44391,0.44391
2014-09-10,2423.45,318490.96,592963.2,0.44546,0.44546
2014-09-11,2438.36,317873.33,592963.2,0.4444,0.4444
2014-09-14,2437.19,320857.1,592963.2,0.449,0.449
2014-09-15,2388.76,322266.39,592963.2,0.45185,0.45185
2014-09-16,2401.33,315249.95,592963.2,0.43249,0.43249
2014-09-17,2408.66,316998.33,592963.2,0.44014,0.44014
2014-09-18,2425.21,318479.38,592963.2,0.4456,0.4456
2014-09-21,2378.92,320690.89,592963.2,0.44933,0.44933
2014-09-22,2399.46,315821.51,592963.2,0.43609,0.43609
2014-09-23,2441.86,318859.6,592963.2,0.44676,0.44676
2014-09-24,2436.97,323468.74,592963.2,0.45699,0.45699
2014-09-25,2437.2,323656.47,592963.2,0.45766,0.45766
2014-09-28,2447.8,324434.49,592963.2,0.45964,0.45964
2014-09-29,2450.99,326394.03,592963.2,0.46594,0.46594
2014-10-07,2478.38,327755.87,592963.2,0.47095,0.47095
2014-10-08,2481.95,330981.97,592963.2,0.48028,0.48028
2014-10-09,2466.79,332017.64,592963.2,0.4831,0.4831
2014-10-12,2454.95,330415.42,592963.2,0.479,0.479
2014-10-13,2446.56,329542.68,592963.2,0.47706,0.47706
2014-10-14,2463.87,328771.88,592963.2,0.47296,0.47296
2014-10-15,2444.39,330612.63,592963.2,0.4801,0.4801
2014-10-16,2441.73,327794.53,592963.2,0.47038,0.47038
2014-10-19,2454.71,325699.87,592963.2,0.46111,0.46111
2014-10-20,2433.39,328546.25,592963.2,0.47214,0.47214
2014-10-21,2418.64,326212.09,592963.2,0.46373,0.46373
2014-10-22,2395.94,323918.54,592963.2,0.45576,0.45576
2014-10-23,2390.71,320213.04,592963.2,0.44607,0.44607
2014-10-26,2368.83,320206.56,592963.2,0.44588,0.44588
2014-10-27,2416.65,319475.66,592963.2,0.4444,0.4444
2014-10-28,2451.38,326342.1,592963.2,0.46532,0.46532
2014-10-29,2468.93,330945.81,592963.2,0.48277,0.48277
2014-10-30,2508.32,332657.79,592963.2,0.48816,0.48816
2014-11-02,2512.55,335661.34,592963.2,0.50559,0.50559
2014-11-03,2513.17,337307.92,592963.2,0.50882,0.50882
2014-11-04,2503.45,336991.64,592963.2,0.5086,0.5086
2014-11-05,2506.07,336021.4,592963.2,0.5058,0.5058
2014-11-06,2502.15,337627.13,592963.2,0.51074,0.51074
2014-11-09,2565.73,336437.28,592963.2,0.50708,0.50708
2014-11-10,2558.61,342476.55,592963.2,0.52103,0.52103
2014-11-11,2594.32,339410.62,592963.2,0.51609,0.51609
2014-11-12,2579.75,343040.27,592963.2,0.52187,0.52187
2014-11-13,2581.09,340702.66,592963.2,0.51822,0.51822
2014-11-16,2567.1,340076.92,592963.2,0.51671,0.51671
2014-11-17,2541.42,340476.92,592963.2,0.51777,0.51777
2014-11-18,2537.22,338848.63,592963.2,0.51327,0.51327
2014-11-19,2537.1,339180.2,592963.2,0.51476,0.51476
2014-11-20,2583.45,339098.45,592963.2,0.51454,0.51454
2014-11-23,2649.26,343562.35,592963.2,0.52458,0.52458
2014-11-24,2685.56,349217.83,592963.2,0.53291,0.53291
2014-11-25,2723.02,354023.9,592963.2,0.53994,0.53994
2014-11-26,2754.49,358320.97,592963.2,0.54483,0.54483
2014-11-27,2808.82,361746.7,592963.2,0.55058,0.55058
2014-11-30,2819.81,367899.76,592963.2,0.5593,0.5593
2014-12-01,2923.94,367410.48,592963.2,0.55906,0.55906
2014-12-02,2967.55,377505.89,592963.2,0.56735,0.56735
2014-12-03,3104.35,380486.62,592963.2,0.57052,0.57052
2014-12-04,3124.89,394435.22,592963.2,0.59199,0.59199
2014-12-07,3252.88,396933.27,592963.2,0.5994,0.5994
2014-12-08,3106.91,406552.98,592963.2,0.61574,0.61574
2014-12-09,3221.55,385136.03,592963.2,0.5772,0.5772
2014-12-10,3183.01,396919.42,592963.2,0.59906,0.59906
2014-12-11,3193.23,396429.83,592963.2,0.59669,0.59669
2014-12-14,3217.23,398790.14,592963.2,0.60238,0.60238
2014-12-15,3303.4,401433.33,592963.2,0.60637,0.60637
2014-12-16,3360.6,408895.43,592963.2,0.62054,0.62054
2014-12-17,3345.93,412600.25,592963.2,0.62877,0.62877
2014-12-18,3383.17,411173.12,592963.2,0.62553,0.62553
2014-12-21,3394.48,414941.84,592963.2,0.63586,0.63586
2014-12-22,3324.92,413942.91,592963.2,0.63263,0.63263
2014-12-23,3230.39,403068.02,592963.2,0.60864,0.60864
2014-12-24,3335.42,397653.29,592963.2,0.59865,0.59865
2014-12-25,3445.84,409463.17,592963.2,0.62251,0.62251
2014-12-28,3455.45,418992.69,592963.2,0.64594,0.64594
2014-12-29,3457.55,419382.17,592963.2,0.64651,0.64651
2014-12-30,3533.7,418573.66,592963.2,0.64539,0.64539
2015-01-04,3641.54,428163.48,641280.6,0.59189,0.59189
2015-01-05,3641.06,441117.49,641280.6,0.61698,0.61698
2015-01-06,3643.79,443035.13,641280.6,0.62263,0.62263
2015-01-07,3559.26,444264.3,641280.6,0.62405,0.62405
2015-01-08,3546.72,435787.63,641280.6,0.60565,0.60565
2015-01-11,3513.58,435171.48,641280.6,0.60497,0.60497
2015-01-12,3514.04,429299.49,641280.6,0.59587,0.59587
2015-01-13,3502.42,431537.2,641280.6,0.59941,0.59941
2015-01-14,3604.12,430248.96,641280.6,0.59705,0.59705
2015-01-15,3635.15,442586.32,641280.6,0.62163,0.62163
2015-01-18,3355.16,448083.98,641280.6,0.63525,0.63525
2015-01-19,3396.22,418444.54,641280.6,0.57401,0.57401
2015-01-20,3548.89,427580.25,641280.6,0.58764,0.58764
2015-01-21,3567.61,445648.73,641280.6,0.62773,0.62773
2015-01-22,3571.73,448981.48,641280.6,0.63839,0.63839
2015-01-25,3607.99,447511.81,641280.6,0.63308,0.63308
2015-01-26,3574.93,455256.17,641280.6,0.65422,0.65422
2015-01-27,3525.32,452454.28,641280.6,0.64639,0.64639
2015-01-28,3481.8,447131.27,641280.6,0.63187,0.63187
2015-01-29,3434.39,442453.16,641280.6,0.61903,0.61903
2015-02-01,3353.96,436341.13,641280.6,0.60704,0.60704
2015-02-02,3437.45,427673.02,641280.6,0.58626,0.58626
2015-02-03,3401.77,437955.29,641280.6,0.60988,0.60988
2015-02-04,3366.95,434557.25,641280.6,0.60209,0.60209
2015-02-05,3312.42,430843.19,641280.6,0.59557,0.59557
2015-02-08,3345.92,422338.73,641280.6,0.57525,0.57525
2015-02-09,3406.94,423796.78,641280.6,0.57752,0.57752
2015-02-10,3434.12,430295.09,641280.6,0.59482,0.59482
2015-02-11,3442.87,433681.42,641280.6,0.60084,0.60084
2015-02-12,3469.83,436131.72,641280.6,0.60684,0.60684
2015-02-15,3499.48,441424.84,641280.6,0.61702,0.61702
2015-02-16,3522.32,446436.86,641280.6,0.63094,0.63094
2015-02-24,3478.73,450176.41,641280.6,0.64318,0.64318
2015-02-25,3566.3,447331.27,641280.6,0.63375,0.63375
2015-02-26,3572.84,455947.24,641280.6,0.65848,0.65848
2015-03-01,3601.26,458529.41,641280.6,0.66486,0.66486
2015-03-02,3507.9,464109.29,641280.6,0.67582,0.67582
2015-03-03,3530.82,455416.56,641280.6,0.65641,0.65641
2015-03-04,3496.34,459337.33,641280.6,0.66694,0.66694
2015-03-05,3478.52,456566.11,641280.6,0.65919,0.65919
2015-03-08,3537.75,453897.17,641280.6,0.65185,0.65185
2015-03-09,3520.61,462211.5,641280.6,0.67193,0.67193
2015-03-10,3524.65,462233.75,641280.6,0.67206,0.67206
2015-03-11,3592.84,462694.56,641280.6,0.67261,0.67261
2015-03-12,3617.66,468259.6,641280.6,0.68685,0.68685
2015-03-15,3705.67,472297.23,641280.6,0.69403,0.69403
2015-03-16,3757.12,484114.36,641280.6,0.71488,0.71488
2015-03-17,3846.05,491081.52,641280.6,0.73488,0.73488
2015-03-18,3839.74,502005.74,641280.6,0.76646,0.76646
2015-03-19,3892.57,503195.77,641280.6,0.76904,0.76904
2015-03-22,3972.06,509025.02,641280.6,0.78196,0.78196
2015-03-23,3973.05,520956.74,641280.6,0.80976,0.80976
2015-03-24,3940.41,523107.66,641280.6,0.81273,0.81273
2015-03-25,3950.0,522094.46,641280.6,0.81157,0.81157
2015-03-26,3971.7,521758.62,641280.6,0.81124,0.81124
2015-03-29,4088.18,524702.14,641280.6,0.81379,0.81379
2015-03-30,4051.2,535395.2,641280.6,0.82955,0.82955
2015-03-31,4123.9,532769.06,641280.6,0.82384,0.82384
2015-04-01,4124.78,542919.29,641280.6,0.83918,0.83918
2015-04-02,4170.54,547710.13,641280.6,0.84542,0.84542
2015-04-06,4260.04,554669.06,641280.6,0.85373,0.85373
2015-04-07,4295.8,568019.68,641280.6,0.87227,0.87232
2015-04-08,4262.14,570194.76,641280.6,0.87603,0.87608
2015-04-09,4344.42,565748.32,641280.6,0.8662,0.86626
2015-04-12,4421.07,578080.54,641280.6,0.88834,0.88852
2015-04-13,4438.18,590518.02,641280.6,0.90152,0.90173
2015-04-14,4380.51,590930.12,641280.6,0.90152,0.90177
2015-04-15,4513.55,579651.37,641280.6,0.89086,0.89113
2015-04-16,4596.14,592505.01,641280.6,0.90202,0.90226
2015-04-19,4521.92,601860.03,641280.6,0.90523,0.90558
2015-04-20,4619.16,590606.58,641280.6,0.90029,0.9007
2015-04-21,4739.81,604851.94,641280.6,0.90688,0.9073
2015-04-22,4740.89,620274.14,641280.6,0.91227,0.91267
2015-04-23,4702.64,623731.33,641280.6,0.91313,0.91352
2015-04-26,4807.59,621500.33,641280.6,0.91224,0.91274
2015-04-27,4741.86,636075.66,641280.6,0.91677,0.91728
2015-04-28,4774.33,627123.76,641280.6,0.91389,0.91445
2015-04-29,4749.89,630746.91,641280.6,0.91557,0.91612
2015-05-03,4787.74,628271.69,641280.6,0.91396,0.91452
2015-05-04,4596.84,633252.49,641280.6,0.91605,0.9166
2015-05-05,4553.33,610352.85,641280.6,0.90662,0.90723
2015-05-06,4470.09,603293.9,641280.6,0.90173,0.90237
2015-05-07,4558.4,590274.45,641280.6,0.89519,0.89588
2015-05-10,4690.53,607537.26,641280.6,0.90539,0.90612
2015-05-11,4747.42,628792.06,641280.6,0.91362,0.91432
2015-05-12,4718.44,639477.4,641280.6,0.91773,0.91843
2015-05-13,4700.78,639273.29,641280.6,0.91735,0.91806
2015-05-14,4617.47,640159.08,641280.6,0.91821,0.91891
2015-05-17,4575.14,632720.81,641280.6,0.91444,0.91527
2015-05-18,4731.22,635574.02,641280.6,0.91526,0.91612
2015-05-19,4754.92,654459.81,641280.6,0.9239,0.9247
2015-05-20,4840.98,657381.89,641280.6,0.92475,0.92555
2015-05-21,4951.34,673462.61,641280.6,0.92889,0.92965
2015-05-24,5099.49,688160.6,641280.6,0.93459,0.93537
2015-05-25,5198.92,706644.44,641280.6,0.93871,0.93946
2015-05-26,5181.43,726308.76,641280.6,0.94241,0.94314
2015-05-27,4834.01,732814.0,641280.6,0.94326,0.94397
2015-05-28,4840.83,691506.55,641280.6,0.93424,0.93506
2015-05-31,5076.18,694300.85,641280.6,0.93459,0.9355
2015-06-01,5161.87,727667.37,641280.6,0.942,0.94282
2015-06-02,5143.59,744355.0,641280.6,0.94447,0.94528
2015-06-03,5181.42,745483.28,641280.6,0.9449,0.94571
2015-06-04,5230.55,748938.48,641280.6,0.94492,0.94573
2015-06-07,5353.75,758435.72,641280.6,0.9457,0.94656
2015-06-08,5317.46,765921.9,641280.6,0.94611,0.94699
2015-06-09,5309.11,763599.26,641280.6,0.9457,0.9466
2015-06-10,5306.59,769302.39,641280.6,0.94655,0.94743
2015-06-11,5335.11,774703.38,641280.6,0.9478,0.94867
2015-06-14,5221.17,782896.81,641280.6,0.94981,0.95071
2015-06-15,5064.82,766783.79,641280.6,0.94488,0.94588
2015-06-16,5138.83,741805.88,641280.6,0.93994,0.94106
2015-06-17,4930.55,755237.13,641280.6,0.94243,0.9435
2015-06-18,4637.05,728224.07,641280.6,0.93711,0.93828
2015-06-22,4786.09,683843.92,641280.6,0.92469,0.92621
2015-06-23,4880.13,697652.0,641280.6,0.93004,0.93148
2015-06-24,4706.52,713589.34,641280.6,0.93418,0.93554
2015-06-25,4336.19,688917.76,641280.6,0.9264,0.92791
2015-06-28,4191.55,640317.31,641280.6,0.907,0.90902
2015-06-29,4473.0,615300.61,641280.6,0.89383,0.89618
2015-06-30,4253.02,651353.72,641280.6,0.9107,0.91271
2015-07-01,4108.0,618332.45,641280.6,0.89387,0.89626
2015-07-02,3885.92,594382.87,641280.6,0.88281,0.88545
2015-07-05,3998.54,561287.6,641280.6,0.83704,0.8409
2015-07-06,3928.0,566881.06,641280.6,0.84568,0.8494
2015-07-07,3663.04,554970.32,641280.6,0.8284,0.8326
2015-07-08,3897.63,528246.3,641280.6,0.78939,0.79454
2015-07-09,4106.56,554475.08,641280.6,0.82689,0.83113
2015-07-12,4211.81,577663.2,641280.6,0.86461,0.86808
2015-07-13,4112.15,592412.77,641280.6,0.88066,0.88377
2015-07-14,3966.76,590135.81,641280.6,0.87819,0.88141
2015-07-15,3997.36,571646.47,641280.6,0.85315,0.85703
2015-07-16,4151.5,575573.09,641280.6,0.85855,0.86229
2015-07-19,4160.61,597416.22,641280.6,0.88313,0.88635
2015-07-20,4166.01,604262.19,641280.6,0.88724,0.8904
2015-07-21,4157.16,609384.12,641280.6,0.89053,0.89364
2015-07-22,4250.81,611934.33,641280.6,0.89223,0.89528
2015-07-23,4176.28,627348.45,641280.6,0.89844,0.90132
2015-07-26,3818.73,619464.28,641280.6,0.89383,0.89696
2015-07-27,3811.09,570403.86,641280.6,0.84774,0.8523
2015-07-28,3930.38,560576.02,641280.6,0.83004,0.8352
2015-07-29,3815.41,580157.24,641280.6,0.8659,0.86996
2015-07-30,3816.7,565086.19,641280.6,0.83594,0.84091
2015-08-02,3829.24,559736.56,641280.6,0.82757,0.833
2015-08-03,3948.16,551308.07,641280.6,0.81646,0.82231
2015-08-04,3866.9,572818.52,641280.6,0.85144,0.85623
2015-08-05,3831.85,564499.24,641280.6,0.83464,0.83997
2015-08-06,3906.95,559916.22,641280.6,0.82689,0.83247
2015-08-09,4084.36,573727.06,641280.6,0.85309,0.858
2015-08-10,4066.67,600350.89,641280.6,0.8823,0.88628
2015-08-11,4016.13,600896.31,641280.6,0.88272,0.88672
2015-08-12,4075.46,593724.25,641280.6,0.87906,0.88319
2015-08-13,4073.54,604705.55,641280.6,0.88569,0.88959
2015-08-16,4077.87,606625.36,641280.6,0.88724,0.89123
2015-08-17,3825.41,610729.56,641280.6,0.89012,0.89405
2015-08-18,3886.14,573282.82,641280.6,0.84897,0.85442
2015-08-19,3761.45,581692.18,641280.6,0.86549,0.87034
2015-08-20,3589.54,563340.61,641280.6,0.82854,0.83472
2015-08-23,3275.53,537475.98,641280.6,0.79177,0.79952
2015-08-24,3042.93,493206.44,641280.6,0.69712,0.70851
2015-08-25,3025.69,456675.61,641280.6,0.61481,0.62945
2015-08-26,3205.64,449245.77,641280.6,0.59276,0.60823
2015-08-27,3342.29,470475.77,641280.6,0.6472,0.6606
2015-08-30,3366.54,493142.85,641280.6,0.69671,0.70858
2015-08-31,3362.08,485845.2,641280.6,0.67613,0.68893
2015-09-01,3365.83,476506.82,641280.6,0.65556,0.6693
2015-09-06,3250.49,474182.8,641280.6,0.65198,0.66627
2015-09-07,3334.02,464937.81,641280.6,0.6318,0.64706
2015-09-08,3399.3,479658.22,641280.6,0.65857,0.67285
2015-09-09,3357.56,492071.06,641280.6,0.69411,0.7069
2015-09-10,3347.19,485348.27,641280.6,0.6749,0.68849
2015-09-13,3281.13,486319.49,641280.6,0.67628,0.69019
2015-09-14,3152.23,467634.0,641280.6,0.63715,0.65288
2015-09-15,3309.25,449724.05,641280.6,0.58937,0.60733
2015-09-16,3237.0,473248.91,641280.6,0.64924,0.66457
2015-09-17,3251.27,464577.9,641280.6,0.62881,0.64502
2015-09-20,3308.25,467552.33,641280.6,0.63591,0.65224
2015-09-21,3339.03,478454.28,641280.6,0.65527,0.67086
2015-09-22,3263.03,482572.42,641280.6,0.66186,0.67728
2015-09-23,3285.0,474321.71,641280.6,0.65006,0.66601
2015-09-24,3231.95,478685.3,641280.6,0.65556,0.67125
2015-09-27,3242.75,468648.82,641280.6,0.63633,0.65332
2015-09-28,3178.85,473153.32,641280.6,0.64662,0.66327
2015-09-29,3202.95,464575.79,641280.6,0.62521,0.643
2015-10-07,3296.48,466437.52,641280.6,0.63071,0.64824
2015-10-08,3340.12,481770.69,641280.6,0.66008,0.67621
2015-10-11,3447.69,488206.74,641280.6,0.68328,0.69867
2015-10-12,3445.04,505558.41,641280.6,0.72982,0.74305
2015-10-13,3406.11,507771.3,641280.6,0.73394,0.74706
2015-10-14,3486.82,502596.87,641280.6,0.72293,0.73659
2015-10-15,3534.07,515232.73,641280.6,0.75473,0.76682
2015-10-18,3534.18,522722.02,641280.6,0.77059,0.78217
2015-10-19,3577.7,522824.71,641280.6,0.77059,0.78225
2015-10-20,3473.25,530142.92,641280.6,0.77924,0.79054
2015-10-21,3524.53,509702.02,641280.6,0.73981,0.75313
2015-10-22,3571.24,520665.77,641280.6,0.76502,0.77704
2015-10-25,3589.26,530232.01,641280.6,0.77924,0.79079
2015-10-26,3592.88,533184.88,641280.6,0.78418,0.79555
2015-10-27,3524.92,534934.36,641280.6,0.78748,0.79875
2015-10-28,3533.31,525464.78,641280.6,0.77151,0.78363
2015-10-29,3534.08,528014.39,641280.6,0.77366,0.78566
2015-11-01,3475.96,527347.43,641280.6,0.77224,0.78457
2015-11-02,3465.49,519795.84,641280.6,0.75988,0.77298
2015-11-03,3628.54,518720.84,641280.6,0.75741,0.77073
2015-11-04,3705.97,542653.11,641280.6,0.79786,0.80895
2015-11-05,3793.37,549590.2,641280.6,0.80782,0.81836
2015-11-08,3840.36,561806.72,641280.6,0.82702,0.8367
2015-11-09,3833.24,571763.84,641280.6,0.84596,0.85464
2015-11-10,3833.65,573291.18,641280.6,0.84843,0.85703
2015-11-11,3795.32,578372.89,641280.6,0.85879,0.8668
2015-11-12,3746.24,576989.43,641280.6,0.85597,0.86413
2015-11-15,3764.13,566767.33,641280.6,0.83402,0.84362
2015-11-16,3758.39,573847.93,641280.6,0.84967,0.85842
2015-11-17,3715.58,571967.92,641280.6,0.84473,0.85382
2015-11-18,3774.97,564917.43,641280.6,0.82832,0.83837
2015-11-19,3774.38,576049.93,641280.6,0.85267,0.86129
2015-11-22,3753.34,579985.71,641280.6,0.86244,0.87064
2015-11-23,3753.89,576284.74,641280.6,0.85214,0.86101
2015-11-24,3781.61,579806.67,641280.6,0.86203,0.87036
2015-11-25,3759.43,587296.42,641280.6,0.87238,0.88008
2015-11-26,3556.99,584545.53,641280.6,0.86872,0.87664
2015-11-29,3566.41,551927.42,641280.6,0.80684,0.81871
2015-11-30,3591.7,554980.69,641280.6,0.81013,0.82187
2015-12-01,3721.95,555473.78,641280.6,0.81137,0.8231
2015-12-02,3749.3,563664.89,641280.6,0.82338,0.83436
2015-12-03,3677.59,574503.02,641280.6,0.84774,0.8572
2015-12-06,3687.61,567523.62,641280.6,0.83196,0.84259
2015-12-07,3623.02,571175.68,641280.6,0.83937,0.8496
2015-12-08,3635.94,560783.42,641280.6,0.81631,0.82806
2015-12-09,3623.08,560838.3,641280.6,0.81639,0.82813
2015-12-10,3608.06,559385.28,641280.6,0.81276,0.82473
2015-12-13,3711.32,555781.73,641280.6,0.80848,0.82095
2015-12-14,3694.39,568766.37,641280.6,0.83484,0.84565
2015-12-15,3685.44,570054.54,641280.6,0.83608,0.84686
2015-12-16,3755.89,572380.1,641280.6,0.84232,0.85269
2015-12-17,3767.91,584694.86,641280.6,0.86872,0.87735
2015-12-20,3865.97,584904.36,641280.6,0.86903,0.87779
2015-12-21,3876.73,593783.8,641280.6,0.87768,0.8859
2015-12-22,3866.38,596914.82,641280.6,0.8785,0.88671
2015-12-23,3829.4,594727.24,641280.6,0.87773,0.88599
2015-12-24,3838.2,592426.21,641280.6,0.87449,0.88296
2015-12-27,3727.63,595449.05,641280.6,0.87768,0.88608
2015-12-28,3761.88,581550.74,641280.6,0.86079,0.8704
2015-12-29,3765.18,585833.51,641280.6,0.8682,0.87735
2015-12-30,3731.01,590784.71,641280.6,0.87238,0.88123
2016-01-03,3469.07,584040.48,685992.9,0.78757,0.80237
2016-01-04,3478.78,541784.82,685992.9,0.7077,0.72818
2016-01-05,3539.81,537356.7,685992.9,0.69823,0.71948
2016-01-06,3294.38,550101.29,685992.9,0.73128,0.75019
2016-01-07,3361.56,510257.19,685992.9,0.62649,0.65277
2016-01-10,3192.45,518483.16,685992.9,0.64512,0.67049
2016-01-11,3215.71,488806.58,685992.9,0.57925,0.60948
2016-01-12,3155.88,490169.99,685992.9,0.58131,0.61154
2016-01-13,3221.57,476712.13,685992.9,0.54198,0.57503
2016-01-14,3118.73,489202.33,685992.9,0.5796,0.60992
2016-01-17,3130.73,472292.54,685992.9,0.53026,0.56467
2016-01-18,3223.13,476889.86,685992.9,0.5422,0.5759
2016-01-19,3174.38,492699.7,685992.9,0.5879,0.61838
2016-01-20,3081.35,487830.94,685992.9,0.57407,0.60556
2016-01-21,3113.46,471205.67,685992.9,0.52653,0.56152
2016-01-24,3128.89,477348.64,685992.9,0.54302,0.5773
2016-01-25,2940.51,481352.33,685992.9,0.55638,0.58965
2016-01-26,2930.35,449610.7,685992.9,0.48293,0.52169
2016-01-27,2853.76,446841.73,685992.9,0.47903,0.51807
2016-01-28,2946.09,432085.9,685992.9,0.4628,0.50304
2016-01-31,2901.05,446251.7,685992.9,0.47823,0.51729
2016-02-01,2961.33,439618.89,685992.9,0.4694,0.50912
2016-02-02,2948.64,451419.8,685992.9,0.48604,0.5245
2016-02-03,2984.76,451147.52,685992.9,0.48584,0.5243
2016-02-04,2963.79,458837.78,685992.9,0.50164,0.5389
2016-02-14,2946.71,455304.39,685992.9,0.49033,0.52997
2016-02-15,3037.04,453493.28,685992.9,0.48787,0.52787
2016-02-16,3063.32,469968.61,685992.9,0.52324,0.56065
2016-02-17,3053.7,475614.47,685992.9,0.53783,0.57408
2016-02-18,3051.59,474691.17,685992.9,0.53596,0.57235
2016-02-21,3118.87,475313.81,685992.9,0.53682,0.57365
2016-02-22,3089.36,485957.54,685992.9,0.5689,0.60333
2016-02-23,3109.55,482371.49,685992.9,0.55944,0.59478
2016-02-24,2918.75,484821.12,685992.9,0.56456,0.59947
2016-02-25,2948.03,452686.38,685992.9,0.48294,0.52439
2016-02-28,2877.47,455216.55,685992.9,0.48684,0.52834
2016-02-29,2930.69,438223.67,685992.9,0.46176,0.50548
2016-03-01,3051.33,446588.95,685992.9,0.47245,0.51548
2016-03-02,3058.42,466125.32,685992.9,0.51234,0.55228
2016-03-03,3093.89,466929.18,685992.9,0.51665,0.55623
2016-03-06,3104.84,463923.49,685992.9,0.50781,0.54847
2016-03-07,3107.67,469424.02,685992.9,0.51974,0.55958
2016-03-08,3071.91,470792.33,685992.9,0.52303,0.56276
2016-03-09,3013.15,463499.91,685992.9,0.50576,0.5471
2016-03-10,3018.28,455402.16,685992.9,0.48582,0.52881
2016-03-13,3065.69,455786.32,685992.9,0.48602,0.52937
2016-03-14,3074.78,466658.22,685992.9,0.51439,0.55551
2016-03-15,3090.03,465688.47,685992.9,0.51028,0.55192
2016-03-16,3124.2,464961.24,685992.9,0.50822,0.55021
2016-03-17,3171.96,474536.74,685992.9,0.53391,0.57368
2016-03-20,3249.44,485972.36,685992.9,0.56908,0.60616
2016-03-21,3225.79,497183.69,685992.9,0.5991,0.63373
2016-03-22,3236.09,494702.96,685992.9,0.59087,0.62636
2016-03-23,3181.85,497930.84,685992.9,0.60197,0.63664
2016-03-24,3197.82,490512.78,685992.9,0.582,0.61839
2016-03-27,3169.73,493582.45,685992.9,0.58799,0.62416
2016-03-28,3135.41,490473.84,685992.9,0.58018,0.61717
2016-03-29,3216.28,483480.45,685992.9,0.55715,0.59633
2016-03-30,3218.09,498392.45,685992.9,0.6028,0.63807
2016-03-31,3221.89,499189.88,685992.9,0.60543,0.64045
2016-04-04,3264.49,498827.67,685992.9,0.60263,0.63834
2016-04-05,3257.53,508126.15,685992.9,0.62279,0.65681
2016-04-06,3209.29,508976.69,685992.9,0.62443,0.65844
2016-04-07,3185.73,501741.95,685992.9,0.60938,0.64473
2016-04-10,3230.1,498012.14,685992.9,0.59934,0.63589
2016-04-11,3218.45,507312.15,685992.9,0.62155,0.6562
2016-04-12,3261.38,504617.46,685992.9,0.61456,0.64998
2016-04-13,3275.83,512401.5,685992.9,0.62937,0.66355
2016-04-14,3272.21,515963.86,685992.9,0.63528,0.66891
2016-04-17,3228.45,515214.39,685992.9,0.63266,0.66679
2016-04-18,3238.3,508383.16,685992.9,0.62155,0.65684
2016-04-19,3181.03,510091.8,685992.9,0.62443,0.65958
2016-04-20,3160.6,494586.77,685992.9,0.58412,0.62318
2016-04-21,3174.9,490412.57,685992.9,0.5736,0.61364
2016-04-24,3162.03,493280.74,685992.9,0.58083,0.62048
2016-04-25,3179.16,491400.6,685992.9,0.57713,0.61727
2016-04-26,3165.92,495458.21,685992.9,0.58577,0.62523
2016-04-27,3160.58,493821.62,685992.9,0.58165,0.62165
2016-04-28,3156.75,492961.32,685992.9,0.57936,0.61956
2016-05-02,3213.54,492255.05,685992.9,0.5783,0.61859
2016-05-03,3209.46,503220.41,685992.9,0.61052,0.64771
2016-05-04,3213.92,503178.75,685992.9,0.61027,0.64747
2016-05-05,3130.35,505851.98,685992.9,0.61617,0.6528
2016-05-08,3065.62,490305.97,685992.9,0.5692,0.61062
2016-05-09,3069.11,475578.47,685992.9,0.52279,0.56883
2016-05-10,3082.81,475627.4,685992.9,0.5232,0.56936
2016-05-11,3090.14,475411.65,685992.9,0.52156,0.56804
2016-05-12,3074.94,475317.36,685992.9,0.52135,0.56783
2016-05-15,3095.31,473965.16,685992.9,0.51745,0.56465
2016-05-16,3086.02,479478.92,685992.9,0.53593,0.58148
2016-05-17,3068.04,479252.64,685992.9,0.53511,0.5809
2016-05-18,3062.5,471178.93,685992.9,0.50637,0.55514
2016-05-19,3078.22,472168.99,685992.9,0.50903,0.55753
2016-05-22,3087.22,476123.02,685992.9,0.52279,0.57027
2016-05-23,3063.56,480618.99,685992.9,0.53963,0.58558
2016-05-24,3059.23,476825.61,685992.9,0.52485,0.57243
2016-05-25,3064.21,475902.87,685992.9,0.52156,0.56963
2016-05-26,3062.5,477642.88,685992.9,0.52915,0.57644
2016-05-29,3066.71,477371.06,685992.9,0.5269,0.57475
2016-05-30,3169.56,477068.08,685992.9,0.52567,0.5738
2016-05-31,3160.55,494142.29,685992.9,0.58111,0.62376
2016-06-01,3167.1,495224.26,685992.9,0.58439,0.62684
2016-06-02,3189.33,498259.71,685992.9,0.59647,0.63767
2016-06-05,3178.79,500735.81,685992.9,0.6037,0.64444
2016-06-06,3177.05,501196.9,685992.9,0.60411,0.64494
2016-06-07,3163.99,502076.04,685992.9,0.60616,0.64691
2016-06-12,3066.34,500572.89,685992.9,0.60173,0.64336
2016-06-13,3075.98,481950.41,685992.9,0.54131,0.5894
2016-06-14,3116.37,483569.38,685992.9,0.54377,0.59176
2016-06-15,3094.67,493901.6,685992.9,0.57789,0.62243
2016-06-16,3110.36,492018.19,685992.9,0.57313,0.61816
2016-06-19,3112.67,494975.4,685992.9,0.58159,0.62601
2016-06-20,3106.32,496388.51,685992.9,0.58611,0.63019
2016-06-21,3133.96,493481.39,685992.9,0.57501,0.62041
2016-06-22,3117.32,499590.2,685992.9,0.59885,0.64183
2016-06-23,3077.16,497947.79,685992.9,0.59285,0.63646
2016-06-26,3120.54,492524.78,685992.9,0.57172,0.6179
2016-06-27,3136.4,501623.07,685992.9,0.60419,0.64699
2016-06-28,3151.39,505756.95,685992.9,0.61529,0.65702
2016-06-29,3153.92,508106.28,685992.9,0.62022,0.66154
2016-06-30,3154.2,507551.95,685992.9,0.61997,0.6613
2016-07-03,3204.7,507540.07,685992.9,0.6194,0.66105
2016-07-04,3207.38,516378.89,685992.9,0.63625,0.67618
2016-07-05,3216.8,518587.18,685992.9,0.64612,0.68508
2016-07-06,3209.95,520735.03,685992.9,0.65434,0.6925
2016-07-07,3192.28,520849.77,685992.9,0.65448,0.69262
2016-07-10,3203.33,517605.01,685992.9,0.63913,0.67921
2016-07-11,3273.18,517269.68,685992.9,0.6379,0.67823
2016-07-12,3282.87,525649.1,685992.9,0.66626,0.70354
2016-07-13,3276.76,528769.15,685992.9,0.67612,0.71241
2016-07-14,3276.28,528429.11,685992.9,0.67502,0.71142
2016-07-17,3262.02,528075.4,685992.9,0.67406,0.7108
2016-07-18,3248.23,526361.62,685992.9,0.66749,0.70507
2016-07-19,3237.61,526422.94,685992.9,0.6679,0.70554
2016-07-20,3252.52,525795.92,685992.9,0.6642,0.70237
2016-07-21,3225.16,527210.4,685992.9,0.66968,0.70721
2016-07-24,3230.89,522608.07,685992.9,0.65598,0.6953
2016-07-25,3269.59,523316.65,685992.9,0.65762,0.69687
2016-07-26,3218.24,529484.27,685992.9,0.67982,0.71662
2016-07-27,3221.14,514563.0,685992.9,0.62515,0.66836
2016-07-28,3203.93,514452.38,685992.9,0.6249,0.66812
2016-07-31,3176.81,512053.74,685992.9,0.61981,0.66388
2016-08-01,3189.05,506684.07,685992.9,0.60871,0.6542
2016-08-02,3193.51,511098.88,685992.9,0.61817,0.66267
2016-08-03,3201.29,512714.48,685992.9,0.62145,0.6657
2016-08-04,3205.11,514660.35,685992.9,0.62531,0.66909
2016-08-07,3234.18,513707.06,685992.9,0.62269,0.66703
2016-08-08,3256.98,518768.28,685992.9,0.64118,0.68347
2016-08-09,3243.34,523568.41,685992.9,0.65762,0.69808
2016-08-10,3233.36,522517.74,685992.9,0.65393,0.69493
2016-08-11,3294.23,518720.95,685992.9,0.6401,0.68272
2016-08-14,3393.42,526619.89,685992.9,0.66708,0.70673
2016-08-15,3378.25,539979.11,685992.9,0.70448,0.73978
2016-08-16,3373.05,539895.76,685992.9,0.70407,0.73951
2016-08-17,3364.49,540662.48,685992.9,0.70571,0.74105
2016-08-18,3365.02,540332.03,685992.9,0.70419,0.7397
2016-08-21,3336.79,541356.64,685992.9,0.70654,0.74196
2016-08-22,3341.83,536656.14,685992.9,0.69503,0.73194
2016-08-23,3329.86,538275.75,685992.9,0.69914,0.73564
2016-08-24,3308.97,538511.15,685992.9,0.69996,0.73646
2016-08-25,3307.09,535894.58,685992.9,0.69351,0.73078
2016-08-28,3307.78,536428.43,685992.9,0.69338,0.73088
2016-08-29,3311.99,536885.55,685992.9,0.6942,0.7317
2016-08-30,3327.79,537671.85,685992.9,0.69667,0.73396
2016-08-31,3301.58,539348.67,685992.9,0.70078,0.73766
2016-09-01,3314.11,535886.55,685992.9,0.69145,0.72947
2016-09-04,3319.68,535583.75,685992.9,0.69009,0.72848
2016-09-05,3342.63,537289.5,685992.9,0.6942,0.73218
2016-09-06,3340.82,542277.68,685992.9,0.709,0.74523
2016-09-07,3339.56,542134.4,685992.9,0.70859,0.74496
2016-09-08,3318.04,543259.15,685992.9,0.71118,0.74721
2016-09-11,3262.6,540444.16,685992.9,0.70284,0.74012
2016-09-12,3260.33,528534.96,685992.9,0.66626,0.70823
2016-09-13,3238.73,530057.92,685992.9,0.67365,0.7148
2016-09-18,3263.12,527069.3,685992.9,0.65858,0.70197
2016-09-19,3257.4,532121.51,685992.9,0.67832,0.71931
2016-09-20,3266.64,531800.86,685992.9,0.67791,0.71905
2016-09-21,3291.12,532834.13,685992.9,0.67956,0.72059
2016-09-22,3275.67,536086.03,685992.9,0.68956,0.72929
2016-09-25,3220.28,534422.48,685992.9,0.68244,0.7233
2016-09-26,3240.75,525903.47,685992.9,0.65158,0.69652
2016-09-27,3230.89,529307.74,685992.9,0.66763,0.7106
2016-09-28,3244.39,528094.59,685992.9,0.66187,0.70569
2016-09-29,3253.28,530126.18,685992.9,0.67188,0.71439
2016-10-09,3293.87,532315.95,685992.9,0.67709,0.71914
2016-10-10,3306.56,541250.24,685992.9,0.70465,0.7432
2016-10-11,3300.01,544216.48,685992.9,0.71411,0.75152
2016-10-12,3302.65,544315.41,685992.9,0.71452,0.75197
2016-10-13,3305.85,544993.25,685992.9,0.71711,0.7542
2016-10-16,3277.88,545268.19,685992.9,0.71863,0.75571
2016-10-17,3321.33,541338.59,685992.9,0.703,0.74223
2016-10-18,3316.24,549054.61,685992.9,0.72933,0.76517
2016-10-19,3318.6,549005.46,685992.9,0.72851,0.76454
2016-10-20,3327.74,549838.07,685992.9,0.73026,0.76605
2016-10-23,3367.58,550094.2,685992.9,0.73097,0.76684
2016-10-24,3367.45,556173.03,685992.9,0.7429,0.77726
2016-10-25,3354.8,557533.08,685992.9,0.74702,0.7809
2016-10-26,3345.7,554979.23,685992.9,0.74002,0.77493
2016-10-27,3340.13,554945.57,685992.9,0.73972,0.77465
2016-10-30,3336.28,552816.37,685992.9,0.73385,0.76975
2016-10-31,3359.05,552353.57,685992.9,0.73262,0.76877
2016-11-01,3333.35,557318.85,685992.9,0.74578,0.78023
2016-11-02,3365.09,553899.57,685992.9,0.73632,0.77213
2016-11-03,3354.17,557931.56,685992.9,0.74836,0.78252
2016-11-06,3356.59,557090.61,685992.9,0.74414,0.77904
2016-11-07,3371.12,558080.64,685992.9,0.74825,0.78267
2016-11-08,3353.05,561244.25,685992.9,0.75195,0.78594
2016-11-09,3390.61,558090.24,685992.9,0.74784,0.78247
2016-11-10,3417.22,565944.5,685992.9,0.75946,0.79248
2016-11-13,3430.25,569880.39,685992.9,0.76512,0.79752
2016-11-14,3429.87,572371.09,685992.9,0.77088,0.80255
2016-11-15,3429.59,573244.7,685992.9,0.77211,0.80369
2016-11-16,3436.53,574756.07,685992.9,0.77334,0.80482
2016-11-17,3417.46,574617.33,685992.9,0.77303,0.80453
2016-11-20,3441.11,573307.85,685992.9,0.77129,0.80319
2016-11-21,3468.36,577053.16,685992.9,0.77746,0.80856
2016-11-22,3474.73,582673.41,685992.9,0.78527,0.81535
2016-11-23,3488.74,581314.2,685992.9,0.78281,0.8133
2016-11-24,3521.3,580633.96,685992.9,0.78043,0.81124
2016-11-27,3535.08,584268.72,685992.9,0.78815,0.81802
2016-11-28,3564.04,585792.35,685992.9,0.78939,0.81915
2016-11-29,3538.0,584897.63,685992.9,0.78815,0.81815
2016-11-30,3565.04,580926.34,685992.9,0.78075,0.81186
2016-12-01,3528.95,584971.52,685992.9,0.78824,0.81828
2016-12-04,3469.41,578487.69,685992.9,0.7754,0.80741
2016-12-05,3459.15,572894.72,685992.9,0.76635,0.79972
2016-12-06,3475.75,573056.5,685992.9,0.76635,0.79979
2016-12-07,3470.14,577472.31,685992.9,0.77458,0.80691
2016-12-08,3493.7,575640.78,685992.9,0.77056,0.80345
2016-12-11,3409.18,577410.59,685992.9,0.77376,0.80634
2016-12-12,3405.04,558540.04,685992.9,0.73961,0.77719
2016-12-13,3378.95,559271.01,685992.9,0.74085,0.77833
2016-12-14,3340.43,556252.57,685992.9,0.73015,0.76926
2016-12-15,3346.03,554631.32,685992.9,0.72574,0.76547
2016-12-18,3328.98,557538.37,685992.9,0.7355,0.77399
2016-12-19,3309.06,556765.89,685992.9,0.7318,0.77091
2016-12-20,3338.54,554844.86,685992.9,0.7248,0.76502
2016-12-21,3335.67,560394.68,685992.9,0.74208,0.77985
2016-12-22,3307.6,560456.92,685992.9,0.74219,0.77992
2016-12-25,3322.4,555657.2,685992.9,0.72645,0.76667
2016-12-26,3316.39,558037.75,685992.9,0.73632,0.77517
2016-12-27,3301.89,557667.42,685992.9,0.73427,0.77349
2016-12-28,3297.76,556166.46,685992.9,0.72686,0.76726
2016-12-29,3310.08,555714.83,685992.9,0.72533,0.76594
2017-01-02,3342.23,557030.36,740060.8,0.5894,0.65009
2017-01-03,3368.31,562956.88,740060.8,0.61365,0.67087
2017-01-04,3367.79,568114.97,740060.8,0.62926,0.68428
2017-01-05,3347.67,568679.22,740060.8,0.63106,0.68579
2017-01-08,3363.9,565936.63,740060.8,0.62022,0.67681
2017-01-09,3358.27,568641.84,740060.8,0.6305,0.68566
2017-01-10,3334.5,567379.52,740060.8,0.62474,0.68088
2017-01-11,3317.62,562794.1,740060.8,0.61077,0.66911
2017-01-12,3319.91,559501.46,740060.8,0.59819,0.6584
2017-01-15,3319.45,557781.0,740060.8,0.5894,0.65119
2017-01-16,3326.36,549547.94,740060.8,0.56967,0.63455
2017-01-17,3339.37,552888.27,740060.8,0.57583,0.63992
2017-01-18,3329.29,554152.89,740060.8,0.5783,0.64213
2017-01-19,3354.89,552495.54,740060.8,0.57436,0.63877
2017-01-22,3364.08,558526.91,740060.8,0.59268,0.65458
2017-01-23,3364.45,562966.27,740060.8,0.61159,0.67073
2017-01-24,3375.9,563757.1,740060.8,0.61365,0.67259
2017-01-25,3387.96,565833.27,740060.8,0.61899,0.67723
2017-02-02,3364.49,569052.64,740060.8,0.63195,0.68883
2017-02-05,3373.21,565884.56,740060.8,0.61779,0.67711
2017-02-06,3365.68,569777.23,740060.8,0.63633,0.69287
2017-02-07,3383.29,569448.45,740060.8,0.63344,0.69054
2017-02-08,3396.29,572997.14,740060.8,0.64786,0.70282
2017-02-09,3413.49,576390.58,740060.8,0.65747,0.71091
2017-02-12,3436.28,577720.97,740060.8,0.66227,0.71518
2017-02-13,3435.8,581491.86,740060.8,0.67381,0.725
2017-02-14,3421.71,581754.56,740060.8,0.67381,0.7251
2017-02-15,3440.93,580000.6,740060.8,0.66804,0.72033
2017-02-16,3421.44,583151.17,740060.8,0.67888,0.72945
2017-02-19,3471.39,578706.61,740060.8,0.66337,0.71637
2017-02-20,3482.82,585270.2,740060.8,0.68531,0.73484
2017-02-21,3489.76,589327.49,740060.8,0.69984,0.74705
2017-02-22,3473.32,591408.93,740060.8,0.70489,0.7513
2017-02-23,3473.85,590669.44,740060.8,0.70337,0.75
2017-02-26,3446.22,591750.96,740060.8,0.70571,0.75216
2017-02-27,3452.81,587720.42,740060.8,0.69215,0.74083
2017-02-28,3458.44,590695.58,740060.8,0.70284,0.74991
2017-03-01,3435.1,592095.67,740060.8,0.70695,0.75346
2017-03-02,3427.86,589205.91,740060.8,0.6968,0.7449
2017-03-05,3446.48,588432.69,740060.8,0.69462,0.74326
2017-03-06,3453.96,592780.31,740060.8,0.709,0.75544
2017-03-07,3448.73,594851.33,740060.8,0.71352,0.75932
2017-03-08,3426.94,593805.58,740060.8,0.71147,0.75768
2017-03-09,3427.89,589730.91,740060.8,0.69803,0.74638
2017-03-12,3458.1,589898.83,740060.8,0.6979,0.74646
2017-03-13,3456.69,594642.23,740060.8,0.71229,0.75862
2017-03-14,3463.64,594735.15,740060.8,0.71229,0.7587
2017-03-15,3481.51,595113.03,740060.8,0.71352,0.75982
2017-03-16,3445.81,600376.82,740060.8,0.72843,0.7723
2017-03-19,3449.61,595433.32,740060.8,0.71352,0.75999
2017-03-20,3466.35,597755.88,740060.8,0.71928,0.76489
2017-03-21,3450.05,599977.82,740060.8,0.72626,0.77082
2017-03-22,3461.98,597352.91,740060.8,0.71722,0.76333
2017-03-23,3489.6,598173.18,740060.8,0.72062,0.76616
2017-03-26,3478.04,601611.69,740060.8,0.73407,0.77759
2017-03-27,3469.81,600965.56,740060.8,0.73037,0.77457
2017-03-28,3465.19,599348.43,740060.8,0.72298,0.76846
2017-03-29,3436.76,596959.38,740060.8,0.71476,0.76168
2017-03-30,3456.05,589428.8,740060.8,0.69063,0.7415
2017-04-04,3503.89,591997.14,740060.8,0.6993,0.74914
2017-04-05,3514.05,601647.54,740060.8,0.73427,0.77839
2017-04-06,3517.46,603647.49,740060.8,0.74054,0.78361
2017-04-09,3505.14,604643.14,740060.8,0.74208,0.78505
2017-04-10,3517.33,600555.98,740060.8,0.72727,0.77279
2017-04-11,3509.44,604346.32,740060.8,0.74085,0.78417
2017-04-12,3514.57,601412.03,740060.8,0.73097,0.77603
2017-04-13,3486.5,602563.94,740060.8,0.73725,0.78124
2017-04-16,3479.94,596152.79,740060.8,0.70917,0.75804
2017-04-17,3462.74,590551.7,740060.8,0.69107,0.74307
2017-04-18,3445.88,586645.86,740060.8,0.67421,0.72914
2017-04-19,3461.55,582252.33,740060.8,0.6594,0.71692
2017-04-20,3466.79,582175.39,740060.8,0.65831,0.71599
2017-04-23,3431.26,582114.82,740060.8,0.65817,0.71575
2017-04-24,3440.97,572154.04,740060.8,0.6269,0.68955
2017-04-25,3445.18,574004.31,740060.8,0.63266,0.69409
2017-04-26,3446.72,576008.37,740060.8,0.63801,0.69829
2017-04-27,3439.75,578640.3,740060.8,0.6472,0.7059
2017-05-01,3426.58,579856.89,740060.8,0.65214,0.70975
2017-05-02,3413.13,578480.89,740060.8,0.64694,0.70542
2017-05-03,3404.39,577055.12,740060.8,0.64174,0.70109
2017-05-04,3382.55,575739.09,740060.8,0.63573,0.69608
2017-05-07,3358.81,570674.64,740060.8,0.62053,0.68324
2017-05-08,3352.53,563961.57,740060.8,0.59302,0.65918
2017-05-09,3337.7,565675.92,740060.8,0.59671,0.66236
2017-05-10,3356.65,560103.6,740060.8,0.57864,0.64648
2017-05-11,3385.38,561058.21,740060.8,0.58087,0.6483
2017-05-14,3399.19,564276.6,740060.8,0.59425,0.6593
2017-05-15,3428.65,566037.66,740060.8,0.59959,0.66383
2017-05-16,3409.97,572744.25,740060.8,0.62957,0.68909
2017-05-17,3398.11,571992.9,740060.8,0.62875,0.68818
2017-05-18,3403.85,569330.4,740060.8,0.61412,0.67606
2017-05-21,3411.24,569287.54,740060.8,0.61396,0.67549
2017-05-22,3424.19,565196.43,740060.8,0.59671,0.66033
2017-05-23,3424.17,559878.22,740060.8,0.57782,0.64383
2017-05-24,3485.66,561250.99,740060.8,0.58275,0.64768
2017-05-25,3480.43,568047.01,740060.8,0.6092,0.67051
2017-05-30,3492.88,568293.78,740060.8,0.61118,0.6713
2017-05-31,3497.74,568965.59,740060.8,0.61529,0.67446
2017-06-01,3486.51,563936.55,740060.8,0.59491,0.65696
2017-06-04,3468.75,565776.93,740060.8,0.60049,0.66148
2017-06-05,3492.88,565181.39,740060.8,0.59844,0.65956
2017-06-06,3533.87,567726.29,740060.8,0.60954,0.66881
2017-06-07,3560.98,576420.93,740060.8,0.64817,0.70071
2017-06-08,3576.17,577975.77,740060.8,0.6553,0.70656
2017-06-11,3574.39,579523.8,740060.8,0.66091,0.71071
2017-06-12,3582.27,575388.57,740060.8,0.64406,0.69662
2017-06-13,3535.3,579594.16,740060.8,0.66173,0.71091
2017-06-14,3528.79,576093.68,740060.8,0.64776,0.69919
2017-06-15,3518.76,578006.66,740060.8,0.65653,0.70638
2017-06-18,3553.67,576609.56,740060.8,0.64982,0.7004
2017-06-19,3546.49,580361.18,740060.8,0.66749,0.71467
2017-06-20,3587.95,580320.02,740060.8,0.66749,0.71443
2017-06-21,3590.34,583146.35,740060.8,0.67859,0.72329
2017-06-22,3622.88,579876.74,740060.8,0.66516,0.71226
2017-06-25,3668.09,582243.16,740060.8,0.67571,0.72044
2017-06-26,3674.72,588580.9,740060.8,0.69914,0.74007
2017-06-27,3646.17,589667.61,740060.8,0.70407,0.74419
2017-06-28,3668.83,586031.61,740060.8,0.68804,0.73015
2017-06-29,3666.8,588972.68,740060.8,0.70008,0.74033
2017-07-02,3650.85,589530.11,740060.8,0.70407,0.74344
2017-07-03,3619.98,590642.28,740060.8,0.70941,0.74756
2017-07-04,3659.68,588178.39,740060.8,0.69749,0.73723
2017-07-05,3660.1,592915.28,740060.8,0.71845,0.75445
2017-07-06,3655.93,593735.78,740060.8,0.72145,0.75688
2017-07-09,3653.69,594631.23,740060.8,0.72339,0.75797
2017-07-10,3670.81,592678.99,740060.8,0.71804,0.75336
2017-07-11,3658.82,590569.43,740060.8,0.70982,0.74639
2017-07-12,3686.92,589926.56,740060.8,0.70736,0.74413
2017-07-13,3703.09,592373.1,740060.8,0.71816,0.75293
2017-07-16,3663.56,592153.1,740060.8,0.71722,0.75168
2017-07-17,3667.18,578952.69,740060.8,0.66091,0.70452
2017-07-18,3729.75,580999.45,740060.8,0.6716,0.71299
2017-07-19,3747.88,589110.12,740060.8,0.70242,0.73853
2017-07-20,3728.6,591787.77,740060.8,0.71611,0.75
2017-07-23,3743.47,590683.84,740060.8,0.7127,0.74674
2017-07-24,3719.56,593456.89,740060.8,0.72503,0.75652
2017-07-25,3705.39,592609.68,740060.8,0.72174,0.75359
2017-07-26,3712.19,592798.6,740060.8,0.72298,0.75434
2017-07-27,3721.89,595528.62,740060.8,0.73213,0.76178
2017-07-30,3737.87,596692.62,740060.8,0.73572,0.76453
2017-07-31,3770.38,600182.69,740060.8,0.7501,0.77596
2017-08-01,3760.85,603837.9,740060.8,0.76654,0.78905
2017-08-02,3727.83,601983.72,740060.8,0.76079,0.78412
2017-08-03,3707.58,600427.3,740060.8,0.75062,0.77585
2017-08-06,3726.79,597913.03,740060.8,0.74106,0.76759
2017-08-07,3732.21,601476.57,740060.8,0.75832,0.78133
2017-08-08,3731.04,602893.36,740060.8,0.76572,0.78707
2017-08-09,3715.92,602314.08,740060.8,0.76408,0.78548
2017-08-10,3647.35,599331.65,740060.8,0.74569,0.77056
2017-08-13,3694.68,589881.1,740060.8,0.70777,0.73901
2017-08-14,3706.06,597280.19,740060.8,0.73818,0.76373
2017-08-15,3701.42,600467.75,740060.8,0.75339,0.77578
2017-08-16,3721.28,601347.11,740060.8,0.75915,0.78018
2017-08-17,3724.67,605188.56,740060.8,0.77362,0.79189
2017-08-20,3740.99,604634.98,740060.8,0.77312,0.79096
2017-08-21,3752.3,608522.51,740060.8,0.77764,0.79468
2017-08-22,3756.09,608471.08,740060.8,0.77764,0.79442
2017-08-23,3734.65,608032.5,740060.8,0.77641,0.79316
2017-08-24,3795.75,605171.53,740060.8,0.77403,0.79091
2017-08-27,3842.71,615032.88,740060.8,0.7912,0.80458
2017-08-28,3834.54,621675.99,740060.8,0.80395,0.81526
2017-08-29,3834.3,621711.93,740060.8,0.80436,0.81532
2017-08-30,3822.09,622119.48,740060.8,0.80559,0.81637
2017-08-31,3830.54,622394.42,740060.8,0.80608,0.81677
2017-09-03,3845.62,624122.96,740060.8,0.8097,0.81915
2017-09-04,3857.05,627324.75,740060.8,0.81628,0.82417
2017-09-05,3849.45,629024.83,740060.8,0.81998,0.82688
2017-09-06,3829.87,629825.0,740060.8,0.8208,0.82727
2017-09-07,3825.99,626868.28,740060.8,0.81512,0.82269
2017-09-10,3825.65,627306.91,740060.8,0.81669,0.82341
2017-09-11,3837.93,630316.63,740060.8,0.82326,0.82843
2017-09-12,3842.61,630290.56,740060.8,0.82326,0.82816
2017-09-13,3829.96,631856.11,740060.8,0.82655,0.83053
2017-09-14,3831.3,629905.77,740060.8,0.8221,0.82695
2017-09-17,3843.14,627301.37,740060.8,0.81669,0.82205
2017-09-18,3832.12,629860.27,740060.8,0.82244,0.8264
2017-09-19,3842.44,628661.74,740060.8,0.81998,0.82415
2017-09-20,3837.82,631738.34,740060.8,0.8282,0.83047
2017-09-21,3837.73,629629.56,740060.8,0.82169,0.82526
2017-09-24,3817.79,628665.79,740060.8,0.82039,0.82367
2017-09-25,3820.78,625165.01,740060.8,0.81176,0.81647
2017-09-26,3821.2,625454.86,740060.8,0.81217,0.81653
2017-09-27,3822.54,627200.21,740060.8,0.8171,0.82022
2017-09-28,3836.5,626290.34,740060.8,0.81306,0.81698
2017-10-08,3882.21,629064.59,740060.8,0.82409,0.82527
2017-10-09,3889.86,635194.45,740060.8,0.836,0.83487
2017-10-10,3902.69,638299.67,740060.8,0.84053,0.83854
2017-10-11,3912.95,638627.94,740060.8,0.84135,0.83892
2017-10-12,3921.0,638248.35,740060.8,0.84018,0.83799
2017-10-15,3913.45,640816.71,740060.8,0.84505,0.84166
2017-10-16,3913.07,636530.15,740060.8,0.83929,0.83612
2017-10-17,3944.16,636041.61,740060.8,0.83724,0.83421
2017-10-18,3931.25,636860.27,740060.8,0.84053,0.83656
2017-10-19,3926.85,634066.08,740060.8,0.83361,0.83104
2017-10-22,3930.8,636661.43,740060.8,0.84094,0.83634
2017-10-23,3959.4,638254.48,740060.8,0.84299,0.83803
2017-10-24,3976.95,639684.35,740060.8,0.84464,0.83907
2017-10-25,3993.58,642385.11,740060.8,0.85162,0.84469
2017-10-26,4021.97,643948.21,740060.8,0.85292,0.84573
2017-10-29,4009.72,645158.38,740060.8,0.85409,0.8461
2017-10-30,4006.72,639020.54,740060.8,0.84464,0.83797
2017-10-31,3996.62,641417.32,740060.8,0.8508,0.84293
2017-11-01,3997.13,641844.2,740060.8,0.85203,0.84364
2017-11-02,3992.7,639073.47,740060.8,0.8447,0.83748
2017-11-05,4020.89,636310.09,740060.8,0.83888,0.83197
2017-11-06,4054.25,640652.73,740060.8,0.84916,0.84052
2017-11-07,4048.01,645496.69,740060.8,0.85738,0.84678
2017-11-08,4075.9,645925.02,740060.8,0.85861,0.84749
2017-11-09,4111.91,649141.65,740060.8,0.86565,0.85341
2017-11-12,4128.07,650979.36,740060.8,0.86806,0.85509
2017-11-13,4099.35,653736.8,740060.8,0.87423,0.86036
2017-11-14,4073.67,649567.02,740060.8,0.86642,0.8529
2017-11-15,4105.01,644153.34,740060.8,0.85614,0.84415
2017-11-16,4120.85,644838.9,740060.8,0.85661,0.84452
2017-11-19,4143.83,637897.88,740060.8,0.84299,0.83284
2017-11-20,4217.7,641662.57,740060.8,0.85327,0.84104
2017-11-21,4227.57,646066.83,740060.8,0.86108,0.84696
2017-11-22,4102.4,649006.35,740060.8,0.86765,0.85221
2017-11-23,4104.2,633163.1,740060.8,0.8332,0.82363
2017-11-26,4049.95,633136.03,740060.8,0.83313,0.82303
2017-11-27,4055.82,625704.57,740060.8,0.81258,0.8065
2017-11-28,4053.75,629577.12,740060.8,0.82491,0.81599
2017-11-29,4006.1,630452.15,740060.8,0.83025,0.81995
2017-11-30,3998.14,626089.7,740060.8,0.81306,0.80637
2017-12-03,4018.86,627518.13,740060.8,0.82039,0.81163
2017-12-04,4040.17,625262.24,740060.8,0.81217,0.80487
2017-12-05,4015.82,621275.44,740060.8,0.80353,0.79747
2017-12-06,3971.06,621480.91,740060.8,0.80436,0.79786
2017-12-07,4003.38,617414.6,740060.8,0.79581,0.79046
2017-12-10,4069.5,622194.29,740060.8,0.80764,0.80026
2017-12-11,4016.02,629350.21,740060.8,0.82778,0.81588
2017-12-12,4050.09,622409.93,740060.8,0.80847,0.80039
2017-12-13,4026.15,627154.46,740060.8,0.8208,0.80985
2017-12-14,3980.86,625795.42,740060.8,0.81512,0.80538
2017-12-17,3985.29,621767.44,740060.8,0.806,0.79735
2017-12-18,4035.33,620900.17,740060.8,0.80312,0.79482
2017-12-19,4030.49,627069.56,740060.8,0.82162,0.80945
2017-12-20,4067.85,624645.61,740060.8,0.81381,0.80304
2017-12-21,4054.6,627847.46,740060.8,0.82621,0.8128
2017-12-24,4041.54,627366.24,740060.8,0.82532,0.81157
2017-12-25,4053.62,624591.99,740060.8,0.81381,0.80226
2017-12-26,3991.21,629543.41,740060.8,0.83231,0.81654
2017-12-27,4018.9,624464.49,740060.8,0.81381,0.80174
2017-12-28,4030.85,628304.35,740060.8,0.82786,0.81278
2018-01-01,4087.4,631467.32,820754.3,0.61997,0.64666
2018-01-02,4111.39,639105.04,820754.3,0.64832,0.66871
2018-01-03,4128.81,643157.37,820754.3,0.6668,0.68301
2018-01-04,4138.75,645480.14,820754.3,0.67556,0.68988
2018-01-07,4160.16,646560.29,820754.3,0.67995,0.69288
2018-01-08,4189.3,648949.34,820754.3,0.68858,0.69942
2018-01-09,4207.81,650193.33,820754.3,0.69228,0.70274
2018-01-10,4205.59,650959.3,820754.3,0.69556,0.70509
2018-01-11,4225.0,652609.17,820754.3,0.70349,0.7113
2018-01-14,4225.24,652819.24,820754.3,0.70501,0.71203
2018-01-15,4258.47,647780.18,820754.3,0.6857,0.69604
2018-01-16,4248.12,653003.3,820754.3,0.70583,0.71222
2018-01-17,4271.42,654239.12,820754.3,0.71323,0.7181
2018-01-18,4285.4,659780.22,820754.3,0.73634,0.73618
2018-01-21,4336.6,661373.65,820754.3,0.74076,0.73948
2018-01-22,4382.61,665700.44,820754.3,0.75801,0.75273
2018-01-23,4389.89,674050.93,820754.3,0.78307,0.77239
2018-01-24,4365.08,676468.95,820754.3,0.78841,0.77632
2018-01-25,4381.3,673967.21,820754.3,0.78275,0.7719
2018-01-28,4302.02,675689.99,820754.3,0.78759,0.77518
2018-01-29,4256.1,667827.66,820754.3,0.77239,0.76274
2018-01-30,4275.9,662029.14,820754.3,0.74322,0.73974
2018-01-31,4245.9,658387.23,820754.3,0.73254,0.73086
2018-02-01,4271.23,648616.33,820754.3,0.68789,0.69507
2018-02-04,4274.15,650426.68,820754.3,0.69515,0.70093
2018-02-05,4148.89,652977.46,820754.3,0.70637,0.70967
2018-02-06,4050.5,629358.88,820754.3,0.60796,0.632
2018-02-07,4012.05,619091.12,820754.3,0.56709,0.59917
2018-02-08,3840.65,614523.54,820754.3,0.55414,0.58906
2018-02-11,3890.1,591698.97,820754.3,0.49856,0.54412
2018-02-12,3935.63,600212.81,820754.3,0.52481,0.56472
2018-02-13,3966.96,605089.98,820754.3,0.53588,0.57348
2018-02-21,4052.73,607928.32,820754.3,0.54396,0.57905
2018-02-22,4071.09,620774.18,820754.3,0.57947,0.60728
2018-02-25,4118.42,623732.6,820754.3,0.59162,0.61634
2018-02-26,4058.98,641269.83,820754.3,0.6627,0.67262
2018-02-27,4023.64,610981.44,820754.3,0.55012,0.58309
2018-02-28,4049.09,627049.78,820754.3,0.60353,0.62564
2018-03-01,4016.46,632173.26,820754.3,0.62834,0.64552
2018-03-04,4018.1,628353.58,820754.3,0.6083,0.62874
2018-03-05,4066.56,629574.8,820754.3,0.61406,0.63332
2018-03-06,4036.65,636236.53,820754.3,0.64653,0.6586
2018-03-07,4077.6,632778.72,820754.3,0.63353,0.64852
2018-03-08,4108.87,636870.1,820754.3,0.64805,0.65977
2018-03-11,4127.67,642770.08,820754.3,0.6716,0.67738
2018-03-12,4091.25,647679.9,820754.3,0.69256,0.69338
2018-03-13,4073.34,643962.66,820754.3,0.679,0.68267
2018-03-14,4096.16,639445.34,820754.3,0.65735,0.66592
2018-03-15,4056.42,639051.92,820754.3,0.65503,0.66412
2018-03-18,4074.25,634717.26,820754.3,0.64201,0.65343
2018-03-19,4077.7,637023.64,820754.3,0.65023,0.65957
2018-03-20,4061.05,639179.96,820754.3,0.65721,0.66476
2018-03-21,4020.35,636276.81,820754.3,0.6479,0.65757
2018-03-22,3904.94,632920.67,820754.3,0.63532,0.64784
2018-03-25,3879.89,609419.83,820754.3,0.54788,0.57786
2018-03-26,3913.27,608894.6,820754.3,0.54706,0.57705
2018-03-27,3842.72,617311.81,820754.3,0.56473,0.59113
2018-03-28,3894.05,609908.53,820754.3,0.54971,0.5789
2018-03-29,3898.5,617333.4,820754.3,0.5655,0.5917
2018-04-01,3886.92,621318.52,820754.3,0.58611,0.60703
2018-04-02,3862.48,620259.87,820754.3,0.57789,0.60051
2018-04-03,3854.86,615339.48,820754.3,0.56081,0.58734
2018-04-08,3852.93,613102.58,820754.3,0.55592,0.58304
2018-04-09,3927.17,614090.23,820754.3,0.5588,0.58507
2018-04-10,3938.34,622884.91,820754.3,0.59416,0.61208
2018-04-11,3898.64,626677.85,820754.3,0.60666,0.622
2018-04-12,3871.14,621437.92,820754.3,0.58792,0.60727
2018-04-15,3808.86,618158.07,820754.3,0.57031,0.59318
2018-04-16,3748.64,610231.04,820754.3,0.55058,0.5772
2018-04-17,3766.28,600221.92,820754.3,0.52673,0.55808
2018-04-18,3811.84,605810.77,820754.3,0.5409,0.56958
2018-04-19,3760.85,610406.21,820754.3,0.55177,0.57792
2018-04-22,3766.33,600701.24,820754.3,0.52837,0.55881
2018-04-23,3843.49,599009.58,820754.3,0.52385,0.55517
2018-04-24,3828.7,611516.29,820754.3,0.55551,0.58021
2018-04-25,3755.49,610470.02,820754.3,0.55323,0.57813
2018-04-26,3756.88,600547.37,820754.3,0.52835,0.55843
2018-05-01,3763.65,602441.1,820754.3,0.53454,0.56266
2018-05-02,3793.0,602111.7,820754.3,0.53391,0.56217
2018-05-03,3774.6,606641.33,820754.3,0.54396,0.57048
2018-05-06,3834.19,604526.31,820754.3,0.53824,0.56527
2018-05-07,3878.68,614093.75,820754.3,0.56456,0.58616
2018-05-08,3871.62,619689.86,820754.3,0.5847,0.60138
2018-05-09,3893.06,619405.88,820754.3,0.58241,0.59962
2018-05-10,3872.84,622375.86,820754.3,0.59696,0.61074
2018-05-13,3909.29,619242.37,820754.3,0.581,0.59799
2018-05-14,3924.1,620453.28,820754.3,0.58923,0.60408
2018-05-15,3892.84,624496.11,820754.3,0.60855,0.61864
2018-05-16,3864.05,620599.04,820754.3,0.59063,0.60496
2018-05-17,3903.06,617610.0,820754.3,0.57354,0.59191
2018-05-20,3921.24,623581.1,820754.3,0.6065,0.61649
2018-05-21,3906.21,628186.56,820754.3,0.62336,0.62978
2018-05-22,3854.58,628567.01,820754.3,0.62541,0.63146
2018-05-23,3827.22,620258.0,820754.3,0.58693,0.60119
2018-05-24,3816.5,617374.67,820754.3,0.57313,0.59067
2018-05-27,3833.26,613797.42,820754.3,0.56332,0.58265
2018-05-28,3804.01,612884.86,820754.3,0.56086,0.58059
2018-05-29,3723.37,608698.94,820754.3,0.55099,0.57228
2018-05-30,3802.38,592713.68,820754.3,0.50308,0.53488
2018-05-31,3770.59,603030.36,820754.3,0.53657,0.56098
2018-06-03,3807.58,597982.65,820754.3,0.52097,0.5483
2018-06-04,3845.32,600518.23,820754.3,0.52961,0.55469
2018-06-05,3837.35,606819.18,820754.3,0.54688,0.56826
2018-06-06,3831.01,606808.96,820754.3,0.54665,0.56808
2018-06-07,3779.62,604904.65,820754.3,0.54067,0.56322
2018-06-10,3779.98,601291.93,820754.3,0.53226,0.55618
2018-06-11,3825.95,599642.35,820754.3,0.52569,0.55101
2018-06-12,3788.34,605841.7,820754.3,0.54665,0.56737
2018-06-13,3773.37,599478.78,820754.3,0.52547,0.55067
2018-06-14,3753.43,597517.54,820754.3,0.51951,0.54613
2018-06-18,3621.12,591657.75,820754.3,0.5,0.53038
2018-06-19,3635.44,566359.88,820754.3,0.42722,0.47352
2018-06-20,3592.97,569559.84,820754.3,0.43609,0.48085
2018-06-21,3608.9,560462.39,820754.3,0.41372,0.46295
2018-06-24,3560.48,564562.87,820754.3,0.42188,0.46903
2018-06-25,3531.11,559201.43,820754.3,0.41283,0.46173
2018-06-26,3459.26,558000.48,820754.3,0.40913,0.45879
2018-06-27,3423.53,551350.49,820754.3,0.39581,0.44869
2018-06-28,3510.98,545434.7,820754.3,0.38209,0.43736
2018-07-01,3407.96,559242.71,820754.3,0.41447,0.4624
2018-07-02,3409.28,547183.08,820754.3,0.38569,0.43958
2018-07-03,3363.75,550398.4,820754.3,0.39474,0.44689
2018-07-04,3342.44,543302.37,820754.3,0.37813,0.43372
2018-07-05,3365.12,536578.94,820754.3,0.36976,0.42675
2018-07-08,3459.18,539227.45,820754.3,0.37253,0.42848
2018-07-09,3467.52,553316.4,820754.3,0.40214,0.45223
2018-07-10,3407.53,556066.02,820754.3,0.40707,0.45581
2018-07-11,3481.06,546561.46,820754.3,0.38553,0.43862
2018-07-12,3492.69,559624.26,820754.3,0.41824,0.46421
2018-07-15,3472.09,559396.12,820754.3,0.41859,0.46406
2018-07-16,3449.38,556366.62,820754.3,0.40872,0.45649
2018-07-17,3431.32,553050.97,820754.3,0.40173,0.45108
2018-07-18,3428.34,550335.99,820754.3,0.39622,0.44661
2018-07-19,3492.89,547067.53,820754.3,0.38702,0.43905
2018-07-22,3525.75,557838.65,820754.3,0.41365,0.45964
2018-07-23,3581.71,563055.24,820754.3,0.42722,0.47001
2018-07-24,3577.75,571613.5,820754.3,0.45559,0.49181
2018-07-25,3536.25,571311.62,820754.3,0.45294,0.4898
2018-07-26,3521.23,566770.97,820754.3,0.43837,0.47822
2018-07-29,3515.08,564391.75,820754.3,0.43051,0.4719
2018-07-30,3517.66,561596.92,820754.3,0.42352,0.4665
2018-07-31,3447.39,562617.95,820754.3,0.4264,0.46852
2018-08-01,3370.96,552512.89,820754.3,0.40238,0.45017
2018-08-02,3315.28,540807.17,820754.3,0.3751,0.42844
2018-08-05,3273.27,534515.76,820754.3,0.36637,0.42121
2018-08-06,3368.87,526851.26,820754.3,0.35814,0.414
2018-08-07,3314.51,541177.49,820754.3,0.37706,0.42928
2018-08-08,3397.53,532982.48,820754.3,0.36416,0.41929
2018-08-09,3405.02,544146.91,820754.3,0.3825,0.43363
2018-08-12,3390.34,545287.36,820754.3,0.38569,0.43565
2018-08-13,3372.91,544141.79,820754.3,0.38281,0.43336
2018-08-14,3291.98,542793.01,820754.3,0.38076,0.43169
2018-08-15,3276.73,531437.39,820754.3,0.36334,0.41803
2018-08-16,3229.62,527852.72,820754.3,0.35949,0.41451
2018-08-19,3267.25,520371.01,820754.3,0.35321,0.40885
2018-08-20,3326.65,525571.36,820754.3,0.35773,0.41242
2018-08-21,3307.95,532527.7,820754.3,0.36595,0.41935
2018-08-22,3320.03,528186.77,820754.3,0.36087,0.41493
2018-08-23,3325.33,530873.48,820754.3,0.36401,0.41756
2018-08-26,3406.57,531530.2,820754.3,0.36637,0.41928
2018-08-27,3400.17,542613.2,820754.3,0.38405,0.43295
2018-08-28,3386.57,542485.2,820754.3,0.38363,0.43221
2018-08-29,3351.09,540320.4,820754.3,0.37896,0.4287
2018-08-30,3334.5,533652.31,820754.3,0.36853,0.4206
2018-09-02,3321.82,530832.02,820754.3,0.36431,0.41679
2018-09-03,3363.9,530033.66,820754.3,0.3639,0.41636
2018-09-04,3298.14,535970.96,820754.3,0.375,0.42481
2018-09-05,3262.88,526746.86,820754.3,0.35882,0.41182
2018-09-06,3277.64,523736.98,820754.3,0.35538,0.40924
2018-09-09,3230.07,525348.46,820754.3,0.35732,0.41095
2018-09-10,3224.21,518033.72,820754.3,0.35115,0.40502
2018-09-11,3202.02,517702.45,820754.3,0.35074,0.40489
2018-09-12,3236.57,515818.79,820754.3,0.34936,0.40385
2018-09-13,3242.09,521262.38,820754.3,0.35456,0.40801
2018-09-16,3204.92,519439.81,820754.3,0.35224,0.40666
2018-09-17,3269.43,513094.18,820754.3,0.34731,0.40287
2018-09-18,3312.48,522623.47,820754.3,0.35512,0.40916
2018-09-19,3310.13,529494.52,820754.3,0.3636,0.41697
2018-09-20,3410.49,529198.57,820754.3,0.36345,0.41684
2018-09-24,3379.8,541907.49,820754.3,0.38363,0.4338
2018-09-25,3417.24,538543.28,820754.3,0.37829,0.42909
2018-09-26,3403.59,543602.8,820754.3,0.38923,0.43811
2018-09-27,3438.86,539306.04,820754.3,0.37921,0.42975
2018-10-07,3290.9,544753.63,820754.3,0.39186,0.44028
2018-10-08,3288.69,524115.26,820754.3,0.35526,0.4103
2018-10-09,3281.6,524435.1,820754.3,0.35567,0.41078
2018-10-10,3124.11,524933.99,820754.3,0.35594,0.41126
2018-10-11,3170.73,495987.31,820754.3,0.33484,0.38862
2018-10-14,3126.45,500099.13,820754.3,0.33799,0.39276
2018-10-15,3100.97,493197.43,820754.3,0.33059,0.38595
2018-10-16,3118.25,488711.74,820754.3,0.3273,0.3837
2018-10-17,3044.39,491902.07,820754.3,0.33046,0.38602
2018-10-18,3134.95,478191.29,820754.3,0.32046,0.37405
2018-10-21,3270.27,491083.44,820754.3,0.32895,0.38548
2018-10-22,3183.43,512256.56,820754.3,0.34457,0.40237
2018-10-23,3188.2,501008.6,820754.3,0.33799,0.39405
2018-10-24,3194.31,502397.72,820754.3,0.3395,0.39545
2018-10-25,3173.64,502397.6,820754.3,0.33936,0.39533
2018-10-28,3076.89,501785.54,820754.3,0.33758,0.3943
2018-10-29,3110.26,491048.31,820754.3,0.32648,0.38478
2018-10-30,3153.82,496028.67,820754.3,0.33224,0.38921
2018-10-31,3177.03,502480.41,820754.3,0.3395,0.39636
2018-11-01,3290.25,504355.06,820754.3,0.34059,0.39806
2018-11-04,3262.84,518916.94,820754.3,0.34951,0.40763
2018-11-05,3243.15,517163.64,820754.3,0.34745,0.4063
2018-11-06,3221.91,515661.15,820754.3,0.34539,0.40496
2018-11-07,3212.77,512685.97,820754.3,0.34361,0.40363
2018-11-08,3167.44,511259.51,820754.3,0.34306,0.40321
2018-11-11,3205.14,505214.67,820754.3,0.3384,0.39825
2018-11-12,3237.38,513252.77,820754.3,0.34416,0.40478
2018-11-13,3204.94,518956.23,820754.3,0.34951,0.40888
2018-11-14,3242.37,515155.29,820754.3,0.34484,0.40544
2018-11-15,3257.67,522264.31,820754.3,0.35292,0.41196
2018-11-18,3294.6,527146.89,820754.3,0.35896,0.41848
2018-11-19,3218.41,531632.61,820754.3,0.36719,0.4259
2018-11-20,3226.49,519866.93,820754.3,0.3491,0.40978
2018-11-21,3214.43,521700.29,820754.3,0.35101,0.41146
2018-11-22,3143.48,521025.25,820754.3,0.35045,0.41104
2018-11-25,3141.24,506957.28,820754.3,0.33635,0.39916
2018-11-26,3137.24,505927.04,820754.3,0.33553,0.39843
2018-11-27,3178.93,506294.51,820754.3,0.33594,0.39892
2018-11-28,3137.65,512117.97,820754.3,0.33909,0.40301
2018-11-29,3172.69,503995.32,820754.3,0.33196,0.39476
2018-12-02,3260.95,508211.98,820754.3,0.33594,0.40036
2018-12-03,3267.71,522233.79,820754.3,0.35115,0.41318
2018-12-04,3252.0,524341.56,820754.3,0.35403,0.41667
2018-12-05,3181.67,521394.07,820754.3,0.34977,0.41233
2018-12-06,3181.56,511825.33,820754.3,0.33772,0.40289
2018-12-09,3144.76,511909.31,820754.3,0.33758,0.40307
2018-12-10,3159.82,506766.16,820754.3,0.33388,0.39874
2018-12-11,3170.61,509430.93,820754.3,0.33594,0.40132
2018-12-12,3219.69,510909.15,820754.3,0.33703,0.4027
2018-12-13,3165.91,517071.05,820754.3,0.34347,0.40799
2018-12-16,3161.2,507533.03,820754.3,0.33306,0.39916
2018-12-17,3128.43,507629.34,820754.3,0.33306,0.39934
2018-12-18,3091.13,503534.8,820754.3,0.32648,0.39262
2018-12-19,3067.42,497754.34,820754.3,0.321,0.38621
2018-12-20,3029.4,495999.02,820754.3,0.32005,0.38489
2018-12-23,3038.2,491664.09,820754.3,0.31538,0.38118
2018-12-24,3017.28,494366.41,820754.3,0.31661,0.38286
2018-12-25,3002.03,490408.61,820754.3,0.31332,0.38005
2018-12-26,2990.51,488962.19,820754.3,0.31196,0.37844
2018-12-27,3010.65,484979.27,820754.3,0.30978,0.37504
2019-01-01,2969.54,486950.23,900309.0,0.24589,0.31089
2019-01-02,2964.84,481491.86,900309.0,0.23592,0.30302
2019-01-03,3035.87,480430.87,900309.0,0.23459,0.30203
2019-01-06,3054.3,491334.11,900309.0,0.25247,0.31689
2019-01-07,3047.7,496186.13,900309.0,0.26151,0.32487
2019-01-08,3078.48,495525.7,900309.0,0.26028,0.32417
2019-01-09,3072.69,498995.53,900309.0,0.26634,0.33065
2019-01-10,3094.78,497207.75,900309.0,0.26335,0.32726
2019-01-13,3067.78,500874.63,900309.0,0.27015,0.33493
2019-01-14,3127.99,497196.66,900309.0,0.26192,0.32707
2019-01-15,3128.65,504169.36,900309.0,0.27467,0.3401
2019-01-16,3111.42,504443.58,900309.0,0.27497,0.34059
2019-01-17,3168.17,501888.87,900309.0,0.27116,0.33661
2019-01-20,3185.64,509016.63,900309.0,0.28536,0.35201
2019-01-21,3143.32,512484.61,900309.0,0.29276,0.35846
2019-01-22,3141.05,506570.09,900309.0,0.27878,0.34555
2019-01-23,3158.78,507254.14,900309.0,0.28155,0.34753
2019-01-24,3184.47,509649.54,900309.0,0.28841,0.35487
2019-01-27,3183.78,511123.77,900309.0,0.29076,0.35685
2019-01-28,3193.97,509909.08,900309.0,0.28859,0.35495
2019-01-29,3168.48,508118.24,900309.0,0.28355,0.35098
2019-01-30,3201.63,504213.86,900309.0,0.27276,0.33958
2019-01-31,3247.4,505096.15,900309.0,0.27511,0.34185
2019-02-10,3306.47,513669.05,900309.0,0.29482,0.36166
2019-02-11,3330.34,523022.49,900309.0,0.30633,0.37255
2019-02-12,3397.03,527417.84,900309.0,0.30757,0.37541
2019-02-13,3402.14,537004.53,900309.0,0.31237,0.38391
2019-02-14,3338.7,537762.78,900309.0,0.31348,0.38528
2019-02-17,3445.74,531311.96,900309.0,0.3088,0.37864
2019-02-18,3439.61,547471.33,900309.0,0.32237,0.39484
2019-02-19,3451.93,548056.72,900309.0,0.32278,0.39561
2019-02-20,3442.71,549545.19,900309.0,0.32388,0.39668
2019-02-21,3520.12,547815.04,900309.0,0.32251,0.39508
2019-02-24,3729.48,558872.4,900309.0,0.33512,0.40889
2019-02-25,3684.69,590564.38,900309.0,0.37706,0.44431
2019-02-26,3678.39,586476.49,900309.0,0.37171,0.44033
2019-02-27,3669.37,587065.94,900309.0,0.37279,0.44109
2019-02-28,3749.71,585821.47,900309.0,0.36976,0.43889
2019-03-03,3794.1,595946.43,900309.0,0.38734,0.45325
2019-03-04,3816.01,604704.3,900309.0,0.40995,0.47057
2019-03-05,3848.09,612471.49,900309.0,0.4264,0.48374
2019-03-06,3808.85,621651.25,900309.0,0.4476,0.50015
2019-03-07,3657.58,622662.64,900309.0,0.45029,0.50207
2019-03-10,3729.95,596681.5,900309.0,0.38734,0.45406
2019-03-11,3755.35,611793.0,900309.0,0.42064,0.48021
2019-03-12,3724.19,619534.14,900309.0,0.43997,0.49513
2019-03-13,3698.49,610365.44,900309.0,0.41759,0.47816
2019-03-14,3745.01,601188.48,900309.0,0.39934,0.46326
2019-03-17,3851.75,608295.86,900309.0,0.41201,0.47434
2019-03-18,3833.96,623608.35,900309.0,0.45107,0.50428
2019-03-19,3835.44,623259.6,900309.0,0.45066,0.50383
2019-03-20,3836.89,622822.96,900309.0,0.45006,0.50339
2019-03-21,3833.8,625586.19,900309.0,0.45727,0.50943
2019-03-24,3742.83,626259.81,900309.0,0.46012,0.51222
2019-03-25,3700.44,614788.01,900309.0,0.42845,0.48734
2019-03-26,3743.39,604788.08,900309.0,0.40461,0.46924
2019-03-27,3728.4,610217.07,900309.0,0.41389,0.47705
2019-03-28,3872.34,604701.69,900309.0,0.40386,0.46867
2019-03-31,3973.93,624479.12,900309.0,0.45395,0.50794
2019-04-01,3971.29,642785.52,900309.0,0.50123,0.54425
2019-04-02,4022.16,644139.63,900309.0,0.50576,0.54791
2019-04-03,4062.23,651303.5,900309.0,0.52487,0.56244
2019-04-07,4057.23,656924.08,900309.0,0.5403,0.57491
2019-04-08,4075.43,655370.08,900309.0,0.53618,0.57181
2019-04-09,4085.85,656195.37,900309.0,0.53783,0.57311
2019-04-10,3997.58,655878.24,900309.0,0.5372,0.57264
2019-04-11,3988.62,644201.75,900309.0,0.50411,0.54724
2019-04-14,3975.52,643803.78,900309.0,0.50247,0.54649
2019-04-15,4085.79,641200.7,900309.0,0.49507,0.54076
2019-04-16,4087.24,656573.22,900309.0,0.53947,0.5752
2019-04-17,4072.08,659553.96,900309.0,0.54953,0.58265
2019-04-18,4120.61,656064.94,900309.0,0.53698,0.5731
2019-04-21,4025.61,661274.38,900309.0,0.55428,0.5867
2019-04-22,4019.01,649956.06,900309.0,0.51686,0.55813
2019-04-23,4030.09,645048.37,900309.0,0.50411,0.54859
2019-04-24,3941.82,647909.28,900309.0,0.51048,0.55341
2019-04-25,3889.27,630588.44,900309.0,0.4659,0.52019
2019-04-28,3900.33,623181.1,900309.0,0.44161,0.50132
2019-04-29,3913.21,615814.23,900309.0,0.42064,0.48538
2019-05-08,3599.7,572687.8,900309.0,0.33512,0.41613
2019-05-08,3599.7,572687.8,900309.0,0.33539,0.4163
2019-05-08,3599.7,572687.8,900309.0,0.33566,0.41647
2019-05-09,3730.45,591676.73,900309.0,0.36349,0.44146
2019-05-12,3668.73,584681.99,900309.0,0.3535,0.43199
2019-05-14,3727.09,592724.83,900309.0,0.36641,0.44354
2019-05-15,3743.96,596885.18,900309.0,0.37572,0.45128
2019-05-16,3648.76,580950.44,900309.0,0.348,0.42695
2019-05-19,3617.79,578129.64,900309.0,0.34376,0.42274
2019-05-20,3666.78,586081.81,900309.0,0.35694,0.43428
2019-05-21,3649.38,583199.41,900309.0,0.35323,0.43094
2019-05-22,3583.96,573459.54,900309.0,0.33786,0.41684
2019-05-25,3593.91,572803.99,900309.0,0.33635,0.41555
2019-05-26,3637.2,582481.06,900309.0,0.352,0.42911
2019-05-27,3672.26,585759.61,900309.0,0.35802,0.43452
2019-05-28,3663.91,586416.46,900309.0,0.35993,0.43614
2019-05-29,3641.18,584007.41,900309.0,0.35485,0.43165
2019-06-01,3629.79,582990.28,900309.0,0.35294,0.43007
2019-06-02,3632.01,580011.64,900309.0,0.348,0.42529
2019-06-03,3598.47,573948.76,900309.0,0.33854,0.41703
2019-06-04,3597.11,574139.59,900309.0,0.33896,0.4172
2019-06-08,3564.68,565925.46,900309.48,0.3284,0.40691
2019-06-09,3610.74,571921.11,900309.48,0.33457,0.41289
2019-06-10,3719.28,588288.23,900309.48,0.36667,0.44035
2019-06-11,3691.1,584712.76,900309.48,0.35926,0.43355
2019-06-12,3685.39,585289.87,900309.48,0.35993,0.43429
2019-06-15,3654.88,578138.66,900309.48,0.3465,0.42256
2019-06-16,3654.82,578648.87,900309.48,0.34815,0.4236
2019-06-17,3667.62,579634.92,900309.48,0.34979,0.42522
2019-06-18,3715.94,586410.21,900309.48,0.36502,0.43784
2019-06-19,3828.52,599548.62,900309.48,0.39161,0.45973
2019-06-22,3833.94,603719.68,900309.48,0.40165,0.46858
2019-06-23,3841.27,604431.1,900309.48,0.40412,0.47047
2019-06-24,3801.31,598746.28,900309.48,0.39053,0.45847
2019-06-25,3794.33,598281.55,900309.48,0.3893,0.45747
2019-06-26,3834.82,603306.48,900309.48,0.40189,0.46833
2019-06-29,3825.59,599697.42,900309.48,0.393,0.46009
2019-06-30,3935.81,615239.41,900309.48,0.42922,0.49089
2019-07-01,3937.17,615690.91,900309.48,0.42963,0.49104
2019-07-02,3893.53,609595.14,900309.48,0.41358,0.47847
2019-07-03,3873.1,607219.04,900309.48,0.41053,0.47545
2019-07-06,3893.2,609549.94,900309.48,0.41399,0.47849
2019-07-07,3802.79,593581.84,900309.48,0.37695,0.44659
2019-07-08,3793.13,593136.07,900309.48,0.37654,0.44589
2019-07-09,3786.74,589615.78,900309.48,0.37037,0.44057
2019-07-10,3785.22,589915.41,900309.48,0.37145,0.4413
2019-07-13,3808.73,593073.8,900309.48,0.37737,0.44608
2019-07-14,3824.19,596571.35,900309.48,0.38601,0.45316
2019-07-15,3806.84,595929.91,900309.48,0.38395,0.45159
2019-07-16,3804.64,595703.33,900309.48,0.38395,0.45145
2019-07-17,3768.4,588918.15,900309.48,0.37022,0.4398
2019-07-20,3807.96,593602.69,900309.48,0.37942,0.44716
2019-07-21,3781.68,590917.14,900309.48,0.37407,0.44214
2019-07-22,3789.91,593888.96,900309.48,0.38107,0.44806
2019-07-23,3819.83,599717.86,900309.48,0.39835,0.46145
2019-07-24,3851.07,603231.42,900309.48,0.40765,0.46966
2019-07-27,3858.57,603817.13,900309.48,0.4107,0.47154
2019-07-28,3854.27,603875.19,900309.48,0.41111,0.47169
2019-07-29,3870.32,606615.48,900309.48,0.41646,0.47644
2019-07-30,3835.36,602653.65,900309.48,0.40658,0.46797
2019-07-31,3803.47,598931.08,900309.48,0.39654,0.45922
2019-08-03,3747.44,591117.82,900309.48,0.37449,0.44129
2019-08-04,3675.69,582400.36,900309.48,0.35514,0.42537
2019-08-05,3636.33,572675.96,900309.48,0.3358,0.40918
2019-08-06,3621.43,570677.34,900309.48,0.33333,0.40677
2019-08-07,3669.29,576630.82,900309.48,0.34513,0.41698
2019-08-10,3633.53,571564.39,900309.48,0.33457,0.40768
2019-08-11,3699.1,580736.77,900309.48,0.35391,0.42333
2019-08-12,3665.75,576846.68,900309.48,0.34609,0.41719
2019-08-13,3682.4,579687.47,900309.48,0.35226,0.42194
2019-08-14,3694.0,581695.16,900309.48,0.35664,0.42554
2019-08-17,3710.54,583777.32,900309.48,0.36255,0.43
2019-08-18,3791.09,597280.75,900309.48,0.39547,0.4565
2019-08-19,3787.73,596791.31,900309.48,0.39424,0.45551
2019-08-20,3781.76,596209.91,900309.48,0.39218,0.45395
2019-08-21,3793.51,597128.45,900309.48,0.39613,0.45668
2019-08-24,3820.86,598820.04,900309.48,0.40247,0.46112
2019-08-25,3765.91,594620.65,900309.48,0.38724,0.44956
2019-08-26,3816.95,603586.62,900309.48,0.41646,0.47257
2019-08-27,3802.58,602201.05,900309.48,0.41276,0.46929
2019-08-28,3790.19,601582.18,900309.48,0.41053,0.46745
2019-08-31,3799.59,599971.96,900309.48,0.40617,0.4636
2019-09-01,3848.32,609350.5,900309.48,0.42963,0.48373
2019-09-02,3853.61,611986.91,900309.48,0.43868,0.49073
2019-09-03,3886.0,617190.45,900309.48,0.45226,0.50086
2019-09-04,3925.32,623180.54,900309.48,0.46935,0.51354
2019-09-07,3948.51,625665.41,900309.48,0.4786,0.52052
2019-09-08,3972.95,633052.13,900309.48,0.50041,0.53776
2019-09-09,3959.26,632213.32,900309.48,0.49877,0.53618
2019-09-10,3930.1,628972.29,900309.48,0.48971,0.52919
2019-09-14,3972.38,633060.19,900309.48,0.50185,0.53815
2019-09-15,3957.72,633356.49,900309.48,0.50268,0.53857
2019-09-16,3891.22,622112.48,900309.48,0.46727,0.51081
2019-09-17,3910.08,623827.96,900309.48,0.47345,0.51522
2019-09-18,3924.38,627853.92,900309.48,0.48765,0.52673
2019-09-21,3935.65,629227.35,900309.48,0.49238,0.53
2019-09-22,3890.66,623285.3,900309.48,0.47139,0.51308
2019-09-23,3901.08,625102.12,900309.48,0.47797,0.51804
2019-09-24,3870.98,617912.35,900309.48,0.45451,0.50057
2019-09-25,3841.14,609214.55,900309.48,0.42963,0.4814
2019-09-28,3852.65,611661.11,900309.48,0.43722,0.48666
2019-10-06,3814.53,605994.02,900309.48,0.42569,0.47658
2019-10-07,3837.68,607609.93,900309.48,0.42798,0.479
2019-10-08,3843.24,610695.89,900309.48,0.43663,0.48596
2019-10-09,3874.64,616642.13,900309.48,0.45208,0.49801
2019-10-12,3911.73,620988.95,900309.48,0.46502,0.50723
2019-10-13,3953.24,628868.9,900309.48,0.49506,0.53033
2019-10-14,3936.25,624435.5,900309.48,0.47942,0.51771
2019-10-15,3922.69,621781.95,900309.5,0.46914,0.50992
2019-10-16,3925.22,621633.85,900309.5,0.46771,0.50892
2019-10-19,3869.38,614125.89,900309.5,0.44774,0.49349
2019-10-20,3880.84,614496.78,900309.5,0.44856,0.49391
2019-10-21,3895.88,618523.21,900309.5,0.45885,0.5017
2019-10-22,3871.08,615640.23,900309.5,0.45103,0.49533
2019-10-23,3870.67,615404.24,900309.5,0.45084,0.49519
2019-10-26,3896.79,619169.66,900309.5,0.46173,0.50353
2019-10-27,3926.59,625874.2,900309.5,0.48807,0.52289
2019-10-28,3910.23,621374.33,900309.5,0.46996,0.50918
2019-10-29,3891.23,617872.22,900309.5,0.45802,0.50028
2019-10-30,3886.75,614681.44,900309.5,0.4492,0.49336
2019-11-02,3952.39,621648.97,900309.5,0.47202,0.51016
2019-11-03,3978.12,625458.33,900309.5,0.48765,0.52159
2019-11-04,4002.81,629044.54,900309.5,0.50247,0.53301
2019-11-05,3984.88,626315.21,900309.5,0.49259,0.52525
2019-11-06,3991.87,627852.95,900309.5,0.49815,0.52961
2019-11-09,3973.01,625427.74,900309.5,0.48765,0.521
2019-11-10,3902.98,613079.91,900309.5,0.44527,0.48929
2019-11-11,3903.69,614107.35,900309.5,0.44815,0.49141
2019-11-12,3899.98,612834.56,900309.5,0.44527,0.48901
2019-11-13,3905.86,614652.72,900309.5,0.45043,0.49282
2019-11-16,3877.09,609966.83,900309.5,0.43374,0.48029
2019-11-17,3907.93,614468.08,900309.5,0.45021,0.49226
2019-11-18,3947.04,621689.58,900309.5,0.47531,0.51069
2019-11-19,3907.86,616904.94,900309.5,0.45844,0.49817
2019-11-20,3889.6,615331.18,900309.5,0.45372,0.49438
2019-11-23,3849.99,609788.22,900309.5,0.43333,0.47906
2019-11-24,3878.21,612033.0,900309.5,0.44239,0.48595
2019-11-25,3891.65,613875.28,900309.5,0.44979,0.49115
2019-11-26,3875.62,612876.15,900309.5,0.44691,0.48876
2019-11-27,3862.3,610620.62,900309.5,0.43727,0.48161
2019-11-28,3828.67,607847.5,900309.5,0.42804,0.47417
2019-12-01,3836.06,608796.18,900309.5,0.43004,0.476
2019-12-02,3851.09,611223.48,900309.5,0.44033,0.48316
2019-12-03,3849.82,611057.12,900309.5,0.43951,0.48247
2019-12-04,3879.36,616415.84,900309.5,0.46072,0.49832
2019-12-07,3902.39,619773.93,900309.5,0.47243,0.50659
2019-12-08,3895.45,620354.41,900309.5,0.47366,0.50729
2019-12-09,3900.38,626687.97,900309.5,0.5037,0.52928
2019-12-10,3902.75,626954.08,900309.5,0.50658,0.53137
2019-12-11,3891.02,625545.08,900309.5,0.49691,0.52394
2019-12-14,3968.22,635643.7,900309.5,0.53128,0.54983
2019-12-15,3987.55,641426.03,900309.5,0.54444,0.56003
2019-12-16,4041.8,650018.16,900309.5,0.56708,0.57778
2019-12-17,4032.78,649973.59,900309.5,0.56708,0.57762
2019-12-18,4027.15,651346.14,900309.5,0.57219,0.58138
2019-12-21,4017.25,648277.5,900309.5,0.56173,0.57339
2019-12-22,3967.1,638179.21,900309.5,0.53704,0.55338
2019-12-23,3992.96,644124.03,900309.5,0.55267,0.56524
2019-12-24,3990.87,645083.07,900309.5,0.55597,0.56788
2019-12-25,4025.99,650372.95,900309.5,0.57055,0.57945
2019-12-28,4022.03,648550.3,900309.5,0.56379,0.57398
2019-12-29,4081.63,655607.33,900309.5,0.58765,0.59196
2020-01-01,4152.24,667904.26,900309.5,0.62346,0.61858
2020-01-04,4144.96,668548.57,900309.5,0.62618,0.62008
2020-01-05,4129.3,669399.04,900309.5,0.62824,0.62131
2020-01-06,4160.23,675364.66,900309.5,0.64224,0.63228
2020-01-07,4112.32,667388.14,900309.5,0.62289,0.61706
2020-01-08,4164.37,675431.55,900309.5,0.6428,0.63249
2020-01-11,4163.18,674695.39,900309.5,0.641,0.63092
2020-01-12,4203.99,681389.67,900309.5,0.669,0.65135
2020-01-13,4189.89,680015.59,900309.5,0.66077,0.64477
2020-01-14,4166.73,677158.73,900309.5,0.64677,0.63485
2020-01-15,4149.04,678280.83,900309.5,0.65267,0.63912
2020-01-18,4154.85,678676.61,919281.1,0.61589,0.61113
2020-01-19,4185.83,685322.56,919281.1,0.63277,0.62319
2020-01-20,4114.31,676195.82,919281.1,0.60848,0.60495
2020-01-21,4131.93,679464.21,919281.1,0.61754,0.61173
2020-02-01,4003.9,659701.57,919281.1,0.56005,0.5671
2020-02-02,3688.36,606583.71,919281.1,0.38712,0.43611
2020-02-03,3785.64,617603.42,919281.1,0.42551,0.46515
2020-02-04,3828.53,628365.7,919281.1,0.46017,0.49139
2020-02-05,3899.78,641963.36,919281.1,0.51403,0.53122
2020-02-08,3899.87,644830.93,919281.1,0.52414,0.53801
2020-02-09,3916.01,649895.03,919281.1,0.53611,0.54702
2020-02-10,3952.46,651605.41,919281.1,0.54106,0.55075
2020-02-11,3984.43,659393.43,919281.1,0.56253,0.56723
2020-02-12,3959.92,655198.04,919281.1,0.55033,0.55765
2020-02-15,3987.73,657639.94,919281.1,0.5567,0.56248
2020-02-16,4077.42,674874.56,919281.1,0.61253,0.60443
2020-02-17,4057.51,678031.25,919281.1,0.61928,0.6098
2020-02-18,4051.31,675203.98,919281.1,0.61244,0.60465
2020-02-19,4144.66,687614.98,919281.1,0.64553,0.62939
2020-02-20,4149.49,692240.22,919281.1,0.65885,0.63946
2020-02-22,4149.49,692241.91,919281.1,0.65953,0.63956
2020-02-23,4132.84,694415.32,919281.1,0.67023,0.64712
2020-02-24,4123.85,693469.87,919281.1,0.66488,0.64307
2020-02-25,4073.02,682770.72,919281.1,0.63442,0.61996
2020-02-26,4084.88,683933.76,919281.1,0.63786,0.62227
2020-02-29,3940.05,655757.63,919281.1,0.55021,0.55691
2020-03-01,4069.67,678067.93,919281.1,0.61975,0.60895
2020-03-02,4091.36,683864.95,919281.1,0.63868,0.62231
2020-03-03,4115.05,687057.09,919281.1,0.64609,0.62793
2020-03-04,4206.73,699920.59,919281.1,0.69424,0.66501
2020-03-07,4138.51,692612.79,919281.1,0.6642,0.64138
2020-03-08,3997.13,669744.19,919281.1,0.59383,0.58908
2020-03-09,4082.73,683444.68,919281.1,0.63663,0.62007
2020-03-10,4028.43,675416.05,919281.1,0.61399,0.60364
2020-03-11,3950.91,664119.22,919281.1,0.57654,0.57564
2020-03-14,3895.31,656570.84,990865.0,0.39424,0.43857
2020-03-15,3727.84,631224.89,990865.0,0.34074,0.39603
2020-03-16,3709.68,629235.22,990865.0,0.33498,0.3918
2020-03-17,3636.26,618533.96,990865.0,0.32593,0.38288
2020-03-18,3589.09,615181.89,990865.0,0.32346,0.38057
2020-03-21,3653.22,624208.34,990865.0,0.33004,0.3868
2020-03-22,3530.31,601799.5,990865.0,0.31029,0.36524
2020-03-23,3625.11,615598.43,990865.0,0.32428,0.38081
2020-03-24,3722.52,630517.6,990865.0,0.34198,0.3961
2020-03-25,3698.05,626513.54,990865.0,0.33333,0.38912
2020-03-26,3710.06,626473.62,990865.0,0.3332,0.38901
2020-03-29,3674.11,617899.41,990865.0,0.32551,0.38176
2020-03-30,3686.16,619797.54,990865.0,0.32922,0.3844
2020-03-31,3675.08,617230.56,990865.0,0.32551,0.38155
2020-04-01,3734.53,629013.21,990865.0,0.33827,0.3927
2020-04-05,3713.22,625387.64,990865.0,0.33374,0.3882
2020-04-06,3798.02,640976.7,990865.0,0.36461,0.41278
2020-04-07,3780.34,639628.24,990865.0,0.36255,0.41102
2020-04-08,3792.81,643150.8,990865.0,0.37078,0.41721
2020-04-11,3769.18,634430.87,990865.0,0.35144,0.40258
2020-04-12,3753.26,630545.52,990865.0,0.34527,0.39699
2020-04-13,3825.7,641870.57,990865.0,0.36996,0.41632
2020-04-14,3797.36,638705.86,990865.0,0.36132,0.40936
2020-04-15,3802.38,641175.34,990865.0,0.3679,0.41445
2020-04-18,3839.49,645014.52,990865.0,0.37737,0.42146
2020-04-19,3853.46,649590.22,990865.0,0.38683,0.42873
2020-04-20,3808.05,643960.53,990865.0,0.3749,0.41931
2020-04-21,3839.38,649005.42,990865.0,0.3856,0.42767
2020-04-22,3829.75,647168.89,990865.0,0.38354,0.42592
2020-04-25,3796.97,639731.97,990865.0,0.3642,0.41104
2020-04-26,3822.77,641094.9,990865.0,0.36831,0.41366
2020-04-27,3849.15,639504.26,990865.0,0.36337,0.41
2020-04-28,3867.03,641607.1,990865.0,0.36996,0.41507
2020-05-04,3912.58,651881.28,990865.0,0.39456,0.43352
2020-05-05,3936.25,658566.03,990865.0,0.4168,0.44951
2020-05-06,3924.89,657060.46,990865.0,0.41145,0.44557
2020-05-09,3963.62,663355.85,990865.0,0.43204,0.46127
2020-05-10,3960.18,663183.39,990865.0,0.4304,0.45978
2020-05-11,3960.24,663807.67,990865.0,0.43328,0.46183
2020-05-12,3968.25,666657.02,990865.0,0.44234,0.46825
2020-05-13,3925.22,660420.19,990865.0,0.42257,0.45313
2020-05-16,3912.82,661038.68,990865.0,0.42586,0.45519
2020-05-17,3922.91,660749.67,990865.0,0.42504,0.45452
2020-05-18,3956.25,668209.03,990865.0,0.44646,0.47155
2020-05-19,3935.22,663908.75,990865.11,0.43534,0.46244
2020-05-20,3913.79,658963.97,990865.11,0.41804,0.44898
2020-05-23,3824.06,646503.68,990865.11,0.38427,0.4241
2020-05-24,3829.32,646495.78,990865.11,0.38427,0.42399
2020-05-25,3872.77,656412.02,990865.11,0.40898,0.44236
2020-05-26,3845.61,653027.94,990865.11,0.39868,0.43463
2020-05-27,3856.63,653897.61,990865.11,0.40198,0.43696
2020-05-30,3867.02,656622.93,990865.11,0.41104,0.44336
2020-05-31,3971.34,673584.31,990865.11,0.46705,0.48561
2020-06-01,3983.57,675289.69,990865.11,0.47446,0.49063
2020-06-02,3983.65,676161.95,990865.11,0.47735,0.4924
2020-06-03,3982.19,676215.64,990865.11,0.47776,0.49254
2020-06-06,4001.25,678608.94,990865.11,0.486,0.49837
2020-06-07,4021.95,680163.92,990865.11,0.49217,0.50258
2020-06-08,4047.03,684440.25,990865.11,0.50741,0.51383
2020-06-09,4039.71,683611.05,990865.11,0.50165,0.50962
2020-06-10,3995.88,679367.97,990865.11,0.49012,0.50081
2020-06-13,4003.08,679875.07,990865.11,0.49115,0.50149
2020-06-14,3954.99,674764.77,990865.11,0.47243,0.48808
2020-06-15,4014.57,685672.7,990865.11,0.51213,0.51692
2020-06-16,4017.59,686894.53,990865.11,0.51707,0.52057
2020-06-17,4044.38,688120.02,990865.11,0.52201,0.52368
2020-06-20,4098.71,695596.84,990865.11,0.5471,0.5441
2020-06-21,4102.05,696915.07,990865.11,0.5508,0.54693
2020-06-22,4121.79,699251.3,990865.11,0.5545,0.55003
2020-06-27,4138.99,701030.16,990865.11,0.55825,0.55339
2020-06-28,4109.72,697678.93,990865.11,0.55126,0.54703
2020-06-29,4163.96,706201.94,990865.11,0.5669,0.56282
2020-06-30,4247.78,714326.41,990865.11,0.58831,0.57969
2020-07-01,4335.84,727142.49,990865.11,0.62701,0.60924
2020-07-04,4419.6,740053.34,990865.11,0.66077,0.63418
2020-07-05,4670.09,778965.99,990865.11,0.78633,0.73306
2020-07-06,4698.13,786153.27,990865.11,0.80568,0.74933
2020-07-07,4774.0,800553.96,990865.11,0.84068,0.78446
2020-07-08,4840.77,815825.07,990865.11,0.86991,0.81095
2020-07-11,4753.13,803906.03,990865.11,0.84767,0.79105
2020-07-12,4852.96,823870.0,990865.11,0.87443,0.81914
2020-07-13,4806.69,817138.67,990865.11,0.87073,0.81245
2020-07-14,4744.47,802783.6,990865.11,0.84315,0.78745
2020-07-15,4516.25,770427.93,990865.11,0.75545,0.71048
2020-07-18,4544.7,772348.25,990865.11,0.76287,0.71648
2020-07-19,4680.3,795812.43,990865.11,0.82915,0.77281
2020-07-20,4691.04,799394.23,990865.11,0.83615,0.78041
2020-07-21,4714.45,805380.49,990865.11,0.85303,0.79661
2020-07-22,4712.44,803885.3,990865.11,0.84603,0.79048
2020-07-25,4505.59,769105.22,990865.11,0.75175,0.70772
2020-07-26,4528.45,770354.53,990865.11,0.75257,0.70887
2020-07-27,4568.26,778022.25,990865.11,0.78057,0.73018
2020-07-28,4679.01,797433.98,990865.11,0.83203,0.7762
2020-07-29,4656.15,795052.79,990865.11,0.82709,0.77196
2020-08-01,4695.05,803704.05,990865.11,0.8452,0.79028
2020-08-02,4771.31,820851.24,990865.11,0.87196,0.81691
2020-08-03,4775.8,819852.48,990865.11,0.87155,0.81589
2020-08-04,4777.11,823312.2,990865.11,0.8732,0.81862
2020-08-05,4762.76,822888.76,990865.11,0.87196,0.81786
2020-08-08,4707.93,813049.37,990865.11,0.86414,0.80692
2020-08-09,4724.87,817452.62,990865.11,0.86908,0.81314
2020-08-10,4681.78,806997.56,990865.11,0.85632,0.80059
2020-08-11,4647.64,801305.33,990865.11,0.83532,0.78269
2020-08-12,4635.71,802336.05,990865.11,0.83697,0.78462
2020-08-15,4704.63,811694.11,990865.11,0.86291,0.80637
2020-08-18,4740.68,820753.35,990865.11,0.87062,0.8166
2020-08-19,4679.15,810343.25,990865.11,0.86115,0.80487
2020-08-22,4718.84,816279.66,990865.11,0.86733,0.81108
2020-08-23,4755.85,823069.64,990865.11,0.87186,0.81835
2020-08-24,4761.95,821935.15,990865.11,0.87103,0.81706
2020-08-25,4706.13,808636.83,990865.11,0.85661,0.8016
2020-08-26,4731.35,814608.93,990865.11,0.86321,0.80781
2020-08-29,4844.27,828622.1,990865.11,0.87763,0.82576
2020-08-30,4816.22,826124.15,990865.11,0.87392,0.8226
2020-08-31,4842.12,830340.69,990865.11,0.87886,0.82746
2020-09-01,4843.89,830734.43,990865.11,0.87927,0.82804
2020-09-02,4817.1,825531.03,990865.11,0.87268,0.82088
2020-09-05,4770.22,820364.17,990865.11,0.86733,0.81505
2020-09-06,4669.37,803954.35,990865.11,0.83807,0.78709
2020-09-07,4694.39,809008.17,990865.11,0.85373,0.80048
2020-09-08,4584.59,789727.33,990865.11,0.8014,0.75253
2020-09-09,4581.98,780126.9,990865.11,0.77462,0.72887
2020-09-12,4627.28,789491.53,990865.11,0.80016,0.75187
2020-09-13,4651.05,795769.52,990865.11,0.81623,0.76685
2020-09-14,4688.48,800712.44,990865.11,0.82695,0.77837
2020-09-15,4657.36,796742.22,990865.11,0.81912,0.76937
2020-09-16,4632.71,797056.21,990865.11,0.81953,0.76997
2020-09-19,4737.09,811724.99,990865.11,0.85826,0.80463
2020-09-20,4691.43,807210.3,990865.11,0.84961,0.79776
2020-09-21,4635.76,797995.2,990865.11,0.82043,0.77148
2020-09-22,4652.33,801897.68,990865.11,0.82915,0.78085
2020-09-23,4563.07,786272.46,990865.11,0.78807,0.74049
2020-09-26,4570.02,784953.05,990865.11,0.78395,0.73658
2020-09-27,4581.91,782719.99,990865.11,0.77901,0.73213
2020-09-28,4591.8,786840.44,990865.11,0.7893,0.7415
2020-10-07,4587.4,786542.46,990865.11,0.7888,0.7413
2020-10-10,4681.14,804265.55,990865.11,0.83862,0.78917
2020-10-11,4823.16,828130.54,990865.11,0.87649,0.82612
2020-10-12,4839.2,830561.08,990865.11,0.87896,0.82882
2020-10-13,4807.1,825850.84,990865.11,0.87279,0.82197
2020-10-14,4798.74,825780.05,990865.11,0.87279,0.82175
2020-10-17,4791.68,825619.81,990865.11,0.87279,0.821
2020-10-18,4755.49,820809.42,990865.11,0.86826,0.81522
2020-10-19,4793.47,827355.78,990865.11,0.87649,0.82481
2020-10-20,4792.83,823711.88,990865.11,0.87196,0.81876
2020-10-21,4777.98,820602.7,990865.11,0.86785,0.8143
2020-10-24,4718.49,809377.49,990865.11,0.85426,0.79952
2020-10-25,4691.24,807593.93,990865.11,0.85056,0.79666
2020-10-26,4699.28,810020.91,990865.11,0.85673,0.80095
2020-10-27,4737.27,813898.86,990865.11,0.86167,0.80445
2020-10-28,4772.92,816485.87,990865.11,0.8662,0.80873
2020-10-31,4695.33,802503.69,990865.11,0.83079,0.77916
2020-11-01,4720.83,807759.41,990865.11,0.85179,0.7964
2020-11-02,4777.56,819791.44,990865.11,0.86991,0.81285
2020-11-03,4813.66,821954.92,990865.11,0.8732,0.81607
2020-11-04,4885.11,834219.56,990865.11,0.89214,0.83593
2020-11-07,4885.72,830957.29,990865.11,0.88637,0.82964
2020-11-08,4981.35,848666.14,990865.11,0.91601,0.85741
2020-11-09,4953.88,842969.69,990865.11,0.90819,0.85005
2020-11-10,4904.9,833595.04,990865.11,0.89172,0.83452
2020-11-11,4908.46,834037.21,990865.11,0.89255,0.83483
2020-11-14,4856.85,829252.47,990865.11,0.8839,0.82617
2020-11-15,4904.17,837864.78,990865.11,0.89831,0.8394
2020-11-16,4894.79,834130.01,990865.11,0.89378,0.83522
2020-11-17,4891.67,835097.63,990865.11,0.89461,0.83579
2020-11-18,4927.99,839162.08,990865.11,0.90243,0.84242
2020-11-21,4943.29,843347.23,990865.11,0.91272,0.85142
2020-11-22,5005.03,851165.78,990865.11,0.92178,0.85989
2020-11-23,4974.29,848946.77,990865.11,0.92013,0.85756
2020-11-24,4910.7,837708.61,990865.11,0.89872,0.83812
2020-11-25,4919.59,837741.25,990865.11,0.89914,0.83816
2020-11-28,4980.77,845400.85,990865.11,0.91766,0.85425
2020-11-29,4960.25,843162.55,990865.11,0.91272,0.84982
2020-11-30,5067.1,857960.3,990865.11,0.93289,0.86879
2020-12-01,5067.14,858635.76,990865.11,0.93413,0.86987
2020-12-02,5057.06,857377.16,990865.11,0.93166,0.86728
2020-12-05,5065.92,858841.83,990865.11,0.93578,0.87073
2020-12-06,5022.24,853939.16,990865.11,0.92713,0.86315
2020-12-07,5009.88,852538.7,990865.11,0.92631,0.86187
2020-12-08,4942.7,840400.18,990865.11,0.90778,0.84327
2020-12-09,4940.52,840601.88,990865.11,0.90819,0.84383
2020-12-12,4889.63,832271.33,990865.11,0.88884,0.82655
2020-12-13,4934.84,839082.76,990865.11,0.90325,0.83919
2020-12-13,4945.1,839082.76,990865.11,0.90329,0.83923
2020-12-15,4953.87,838454.62,990865.11,0.90161,0.83692
2020-12-16,5017.48,847705.69,990865.11,0.92343,0.85505
2020-12-19,4999.97,845141.42,990865.11,0.92054,0.85273
2020-12-20,5046.84,855094.51,990865.11,0.93331,0.86508
2020-12-21,4964.77,839439.42,990865.11,0.90572,0.83971
2020-12-22,5007.12,847084.93,990865.11,0.92384,0.85441
2020-12-23,5000.02,840416.73,990865.11,0.91025,0.84267
2020-12-26,5042.01,847972.17,990865.11,0.9259,0.85554
2020-12-27,5064.41,847655.76,990865.11,0.92466,0.85426
2020-12-28,5042.94,843004.31,990865.11,0.91519,0.84698
2020-12-29,5113.71,853210.37,990865.11,0.93207,0.86297
2021-01-02,5211.29,868812.38,1015986.0,0.92384,0.85386
2021-01-03,5267.72,881856.75,1015986.0,0.94236,0.87271
2021-01-04,5368.5,890456.79,1015986.0,0.94895,0.88111
2021-01-05,5417.67,893628.02,1015986.0,0.95101,0.88349
2021-01-06,5513.66,897643.24,1015986.0,0.95348,0.88822
2021-01-07,5495.43,895970.66,1015986.0,0.95226,0.88512
2021-01-10,5441.16,884120.73,1015986.0,0.94154,0.87314
2021-01-11,5596.35,902018.05,1015986.0,0.95554,0.89248
2021-01-12,5577.97,896450.22,1015986.0,0.95224,0.88573
2021-01-13,5470.46,887285.06,1015986.0,0.94442,0.87585
2021-01-16,5458.08,889311.62,1015986.0,0.94607,0.87875
2021-01-17,5518.52,899442.49,1015986.0,0.9543,0.89025
2021-01-18,5437.52,892921.23,1015986.0,0.94813,0.88168
2021-01-19,5476.43,899758.35,1015986.0,0.9543,0.89031
2021-01-20,5564.97,910870.98,1015986.0,0.9613,0.9018
2021-01-23,5569.78,909356.02,1015986.0,0.96048,0.90026
2021-01-24,5625.92,913128.54,1015986.0,0.96254,0.90341
2021-01-25,5512.97,898351.72,1015986.0,0.95183,0.88782
2021-01-26,5528.0,899823.51,1015986.0,0.95307,0.88967
2021-01-27,5377.14,879295.83,1015986.0,0.93084,0.8642
2021-01-30,5351.96,873869.18,1015986.0,0.92219,0.85722
2021-01-31,5417.65,881746.02,1015986.0,0.93495,0.86869
2021-02-01,5501.09,891222.87,1015986.0,0.94444,0.87913
2021-02-02,5485.2,884732.68,1015986.0,0.93665,0.87058
2021-02-03,5473.95,878270.93,1015986.0,0.92722,0.86126
2021-02-06,5483.41,875401.42,1015986.0,0.92273,0.85818
2021-02-07,5564.56,884548.44,1015986.0,0.93632,0.87042
2021-02-08,5686.25,903220.53,1015986.0,0.95481,0.89304
2021-02-16,5807.72,917811.45,1015986.0,0.96418,0.9089
2021-02-17,5768.38,920179.85,1015986.0,0.96583,0.911
2021-02-20,5778.84,926171.19,1015986.0,0.96706,0.91492
2021-02-21,5597.33,911791.62,1015986.0,0.95965,0.90119
2021-02-22,5579.67,908005.58,1015986.0,0.95636,0.89707
2021-02-23,5437.57,890350.05,1015986.0,0.9403,0.87662
2021-02-24,5469.56,892636.29,1015986.0,0.94277,0.87873
2021-02-27,5336.76,875466.27,1015986.0,0.9189,0.85622
2021-02-28,5418.78,890178.94,1015986.0,0.93948,0.8762
2021-03-01,5349.63,881214.73,1015986.0,0.9296,0.86561
2021-03-02,5452.21,897230.02,1015986.0,0.94689,0.8848
2021-03-03,5280.71,876612.97,1015986.0,0.91972,0.85688
2021-03-06,5262.8,876948.33,1015986.0,0.92054,0.8577
2021-03-07,5080.02,853791.59,1015986.0,0.87361,0.81609
2021-03-08,4971.0,834813.01,1015986.0,0.84603,0.78743
2021-03-09,5003.61,835086.65,1015986.0,0.84603,0.78749
2021-03-10,5128.22,855186.81,1015986.0,0.8769,0.81933
2021-03-13,5146.38,857653.76,1015986.0,0.88061,0.82274
2021-03-14,5035.54,845892.01,1015986.0,0.8592,0.80289
2021-03-15,5079.36,853409.11,1015986.0,0.87114,0.81457
2021-03-16,5100.86,856143.01,1015986.0,0.87773,0.82055
2021-03-17,5141.77,861348.16,1015986.0,0.89214,0.83221
2021-03-20,5007.09,846319.94,1015986.0,0.85797,0.80232
2021-03-21,5057.15,857087.6,1015986.0,0.87855,0.82147
2021-03-22,5009.25,848795.68,1015986.0,0.86249,0.80733
2021-03-23,4928.69,837400.29,1015986.0,0.84685,0.78984
2021-03-24,4926.35,836996.61,1015986.0,0.84562,0.78912
2021-03-27,5037.99,852805.63,1015986.0,0.86826,0.81263
2021-03-28,5046.88,856253.59,1015986.0,0.8769,0.82041
2021-03-29,5094.73,860773.94,1015986.0,0.88843,0.82998
2021-03-30,5048.36,857349.79,1015986.0,0.87855,0.82204
2021-03-31,5110.78,864771.31,1015986.0,0.90119,0.84063
2021-04-04,5161.56,870642.48,1015986.0,0.9107,0.84865
2021-04-05,5140.34,871677.83,1015986.0,0.91111,0.84972
2021-04-06,5103.74,870458.35,1015986.0,0.90905,0.8477
2021-04-07,5112.21,870908.35,1015986.0,0.9107,0.84902
2021-04-10,5035.34,863393.36,1015986.0,0.89383,0.83518
2021-04-11,4947.75,850944.69,1015986.0,0.86049,0.80746
2021-04-12,4939.64,848474.42,1015986.0,0.85679,0.80442
2021-04-13,4980.63,855913.95,1015986.0,0.87284,0.81809
2021-04-14,4948.97,851957.01,1015986.0,0.86255,0.8094
2021-04-17,4966.18,858227.63,1015986.0,0.87737,0.82229
2021-04-17,4966.18,858227.63,1015986.0,0.87742,0.82234
2021-04-18,5087.02,874430.18,1015986.0,0.91567,0.85524
2021-04-19,5083.37,873110.3,1015986.0,0.91156,0.85117
2021-04-20,5098.74,873871.7,1015986.0,0.91362,0.85377
2021-04-21,5089.24,874720.76,1015986.0,0.91567,0.85535
2021-04-24,5135.45,877467.87,1015986.0,0.92143,0.85949
2021-04-25,5077.24,871504.52,1015986.0,0.90868,0.84876
2021-04-26,5090.52,871740.16,1015986.0,0.90909,0.84931
2021-04-27,5119.24,876859.55,1015986.0,0.91979,0.85857
2021-04-28,5164.17,880261.37,1015986.0,0.92637,0.86424
2021-05-04,5123.49,874816.81,1015986.0,0.91437,0.8548
2021-05-05,5061.12,870430.42,1015986.0,0.90408,0.84537
2021-05-08,4996.05,861904.94,1015986.0,0.88637,0.83056
2021-05-09,4992.42,864592.25,1015986.0,0.89296,0.83623
2021-05-10,5023.06,867637.08,1015986.0,0.89996,0.8419
2021-05-11,5044.55,874334.15,1015986.0,0.91272,0.85371
2021-05-12,4992.97,866769.61,1015986.0,0.89749,0.84019
2021-05-15,5110.59,882396.71,1015986.0,0.93042,0.86861
2021-05-16,5184.99,890650.9,1015986.0,0.93989,0.8781
2021-05-17,5187.6,893317.52,1015986.0,0.94319,0.88094
2021-05-18,5172.27,891718.09,1015986.0,0.94072,0.87893
2021-05-19,5186.41,892079.55,1015986.0,0.94113,0.87921
2021-05-22,5134.15,887876.45,1015986.0,0.93454,0.87261
2021-05-23,5155.59,892190.52,1015986.0,0.94113,0.87928
2021-05-24,5318.48,912052.41,1015986.0,0.96007,0.90304
2021-05-25,5320.59,913743.83,1015986.0,0.9613,0.90587
2021-05-26,5338.23,919413.96,1015986.0,0.96501,0.9115
2021-05-29,5321.09,918448.91,1015986.0,0.96336,0.91025
2021-05-30,5331.57,925084.04,1015986.0,0.96624,0.91537
2021-05-31,5341.68,928159.59,1015986.0,0.9683,0.9182
2021-06-01,5289.97,919674.87,1015986.0,0.96418,0.91108
2021-06-02,5255.29,916125.04,1015986.0,0.96048,0.90678
2021-06-05,5282.28,919501.33,1015986.0,0.96379,0.91087
2021-06-06,5277.63,922130.42,1015986.0,0.96543,0.91344
2021-06-07,5232.12,916748.79,1015986.0,0.96008,0.90685
2021-06-08,5236.45,918873.82,1015986.0,0.96173,0.90967
2021-06-09,5271.47,926888.45,1015986.0,0.96749,0.91707
2021-06-13,5224.7,921914.32,1015986.0,0.96459,0.91277
2021-06-14,5166.56,914180.14,1015986.0,0.95677,0.90364
2021-06-15,5080.49,900263.8,1015986.0,0.94483,0.88765
2021-06-16,5101.89,906593.61,1015986.0,0.94895,0.89377
2021-06-19,5102.47,910608.9,1015986.0,0.95266,0.89863
2021-06-20,5090.39,914532.0,1015986.0,0.95677,0.90399
2021-06-21,5122.16,921196.56,1015986.0,0.96336,0.91188
2021-06-22,5147.39,926488.48,1015986.0,0.96665,0.91648
2021-06-23,5155.97,923968.6,1015986.0,0.96459,0.91396
2021-06-26,5239.97,935071.97,1015986.0,0.96912,0.92032
2021-06-27,5251.76,938072.81,1015986.0,0.97118,0.92187
2021-06-28,5190.54,930027.99,1015986.0,0.96748,0.91884
2021-06-29,5224.04,937488.17,1015986.0,0.97077,0.9214
2021-06-30,5229.66,933024.16,1015986.0,0.96748,0.91939
2021-07-03,5081.12,915492.85,1015986.0,0.95389,0.90294
2021-07-04,5085.79,920982.6,1015986.0,0.96007,0.91006
2021-07-05,5083.1,918986.11,1015986.0,0.9576,0.90755
2021-07-06,5140.49,929194.55,1015986.0,0.96624,0.91795
2021-07-07,5088.26,923114.38,1015986.0,0.96171,0.91215
2021-07-10,5069.44,922853.04,1015986.0,0.9613,0.91167
2021-07-11,5132.71,933519.83,1015986.0,0.96748,0.91953
2021-07-12,5142.1,936821.64,1015986.0,0.97036,0.92133
2021-07-13,5083.08,927181.98,1015986.0,0.96418,0.91553
2021-07-14,5151.46,932633.95,1015986.0,0.96624,0.91884
2021-07-17,5094.77,925179.51,1015986.0,0.96089,0.91304
2021-07-18,5113.49,924408.39,1015986.0,0.96007,0.91205
2021-07-19,5108.99,924721.79,1015986.0,0.96007,0.91233
2021-07-20,5144.04,934394.34,1015986.0,0.96706,0.91942
2021-07-21,5151.75,939712.93,1015986.0,0.97242,0.92323
2021-07-24,5089.23,931235.41,1015986.0,0.96501,0.91795
2021-07-25,4925.3,910576.16,1015986.0,0.94195,0.89273
2021-07-26,4751.31,886037.38,1015986.0,0.91272,0.86021
2021-07-27,4760.48,880356.0,1015986.0,0.9049,0.85318
2021-07-28,4850.27,899569.4,1015986.0,0.93166,0.87995
2021-07-31,4811.17,898211.92,1015986.0,0.93001,0.87796
2021-08-01,4933.74,916823.99,1015986.0,0.94936,0.90144
2021-08-02,4934.46,911717.0,1015986.0,0.94236,0.8934
2021-08-03,4978.85,923572.61,1015986.0,0.9576,0.91005
2021-08-04,4948.67,919703.26,1015986.0,0.95348,0.90554
2021-08-07,4921.56,917679.74,1015986.0,0.94854,0.90204
2021-08-08,4985.56,925912.08,1015986.0,0.95965,0.91289
2021-08-09,5043.15,935690.14,1015986.0,0.9683,0.92046
2021-08-10,5015.34,937621.4,1015986.0,0.97036,0.92199
2021-08-11,4973.35,935640.31,1015986.0,0.96748,0.92
2021-08-14,4945.98,932155.15,1015986.0,0.96377,0.91776
2021-08-15,4941.07,930827.29,1015986.0,0.96295,0.91702
2021-08-16,4837.4,911007.08,1015986.0,0.93825,0.89115
2021-08-17,4894.24,921836.66,1015986.0,0.95307,0.90676
2021-08-18,4862.14,920717.75,1015986.0,0.95101,0.90528
2021-08-21,4769.27,915885.16,1015986.0,0.94319,0.89726
2021-08-22,4835.88,931752.49,1015986.0,0.96336,0.91738
2021-08-23,4888.39,940208.44,1015986.0,0.97242,0.92393
2021-08-24,4898.16,945405.97,1015986.0,0.97448,0.9257
2021-08-25,4801.61,933265.85,1015986.0,0.96377,0.91794
2021-08-28,4827.04,936839.13,1015986.0,0.96871,0.92097
2021-08-29,4813.27,937288.83,1015986.0,0.96871,0.92099
2021-08-30,4805.61,937860.33,1015986.0,0.96953,0.92177
2021-08-31,4869.46,939677.07,1015986.0,0.97118,0.92304
2021-09-01,4869.41,945828.48,1015986.0,0.97489,0.92607
2021-09-04,4843.06,942019.64,1015986.0,0.97283,0.92458
2021-09-05,4933.73,956047.14,1015986.0,0.97695,0.92886
2021-09-06,4992.83,969353.92,1015986.0,0.98024,0.93363
2021-09-07,4972.13,969975.59,1015986.0,0.98065,0.9339
2021-09-08,4970.01,972891.0,1015986.0,0.98065,0.93417
2021-09-11,5013.52,975896.02,1015986.0,0.98107,0.93443
2021-09-12,4991.66,977511.03,1015986.0,0.98107,0.93445
2021-09-13,4917.16,967622.59,1015986.0,0.97819,0.93197
2021-09-14,4867.32,966226.99,1015986.0,0.97695,0.93123
2021-09-15,4807.7,949987.69,1015986.0,0.97202,0.92475
2021-09-20,4855.94,952481.1,1015986.0,0.97282,0.92602
2021-09-21,4821.77,953356.91,1015986.0,0.97282,0.92604
2021-09-22,4853.2,957089.82,1015986.0,0.97405,0.9278
2021-09-25,4849.43,949931.6,1015986.0,0.97035,0.92383
2021-09-26,4877.37,940796.71,1015986.0,0.96664,0.9211
2021-09-27,4883.83,944349.12,1015986.0,0.96829,0.92212
2021-09-28,4833.93,925650.37,1015986.0,0.94687,0.90567
2021-10-06,4866.38,938121.22,1015986.0,0.96252,0.91791
2021-10-09,4929.94,945086.83,1015986.0,0.96829,0.92242
2021-10-10,4936.19,943831.71,1015986.0,0.96746,0.9217
2021-10-11,4883.84,930822.61,1015986.0,0.95099,0.9105
2021-10-12,4940.11,937788.11,1015986.0,0.96046,0.91675
2021-10-13,4913.61,938422.07,1015986.0,0.9617,0.91752
2021-10-16,4932.11,941154.44,1015986.0,0.9654,0.92053
2021-10-17,4874.78,941078.86,1015986.0,0.96499,0.9203
2021-10-18,4922.72,948219.92,1015986.0,0.96993,0.92356
2021-10-19,4910.18,946944.79,1015986.0,0.96952,0.92333
2021-10-20,4928.02,947640.96,1015986.0,0.96952,0.92334
2021-10-23,4959.73,945140.96,1015986.0,0.96705,0.92187
2021-10-24,4979.52,953214.46,1015986.0,0.97199,0.92587
2021-10-25,4963.1,950167.74,1015986.0,0.97035,0.9244
2021-10-26,4898.16,940453.89,1015986.0,0.96087,0.91795
2021-10-27,4864.14,929461.9,1015986.0,0.94522,0.90679
2021-10-30,4908.77,939436.83,1015986.0,0.95923,0.9165
2021-10-31,4890.69,941727.95,1015986.0,0.96334,0.9195
2021-11-01,4839.85,932464.38,1015986.0,0.94728,0.90884
2021-11-02,4821.11,931829.87,1015986.0,0.94646,0.90812
2021-11-03,4868.74,941351.53,1015986.0,0.96252,0.91907
2021-11-06,4842.35,933174.59,1015986.0,0.94769,0.90916
2021-11-07,4848.18,936340.63,1015986.0,0.95264,0.91216
2021-11-08,4846.74,941007.94,1015986.0,0.96129,0.91838
2021-11-09,4821.19,938217.53,1015986.0,0.95593,0.91443
2021-11-10,4898.65,949085.76,1015986.0,0.96911,0.92338
2021-11-13,4888.37,951904.63,1015986.0,0.97076,0.92538
2021-11-14,4882.38,950496.03,1015986.0,0.96993,0.92466
2021-11-15,4883.32,946693.12,1015986.0,0.96664,0.92195
2021-11-16,4885.75,954135.82,1015986.0,0.97282,0.92693
2021-11-17,4837.62,949560.16,1015986.0,0.96787,0.92298
2021-11-20,4890.06,960230.48,1015986.0,0.97529,0.92969
2021-11-21,4912.4,969874.6,1015986.0,0.979,0.93366
2021-11-22,4913.35,970131.38,1015986.0,0.97941,0.93393
2021-11-23,4916.66,971168.1,1015986.0,0.97941,0.93394
2021-11-24,4896.44,968382.74,1015986.0,0.97694,0.93198
2021-11-27,4860.13,964928.15,1015986.0,0.97446,0.93027
2021-11-28,4851.42,966438.84,1015986.0,0.97529,0.93103
2021-11-29,4832.03,967147.35,1015986.0,0.9757,0.93129
2021-11-30,4843.85,970238.06,1015986.0,0.979,0.93378
2021-12-01,4856.16,967379.23,1015986.0,0.97529,0.93108
2021-12-04,4901.02,975334.42,1015986.0,0.98023,0.9348
2021-12-05,4892.62,968048.97,1015986.0,0.9757,0.93136
2021-12-06,4922.1,966073.6,1015986.0,0.97241,0.9294
2021-12-07,4995.93,979360.27,1015986.0,0.98105,0.93559
2021-12-08,5078.69,988274.13,1015986.0,0.98311,0.93782
2021-12-11,5055.12,988606.02,1015986.0,0.98311,0.93784
2021-12-12,5083.8,992891.97,1015986.0,0.98311,0.93859
2021-12-13,5049.7,989454.3,1015986.0,0.9827,0.93762
2021-12-14,5005.9,988701.14,1015986.0,0.98229,0.93739
2021-12-15,5034.73,995651.65,1015986.0,0.98435,0.93963
2021-12-18,4954.76,983703.02,1015986.0,0.97982,0.9357
2021-12-19,4880.42,970693.29,1015986.0,0.97529,0.93177
2021-12-20,4913.49,980062.71,1015986.0,0.97858,0.93425
2021-12-21,4914.45,982883.56,1015986.0,0.97941,0.93525
2021-12-22,4948.74,987078.87,1015986.0,0.98023,0.93601
2021-12-25,4921.34,977574.23,1015986.0,0.97652,0.93282
2021-12-26,4919.32,977552.45,1015986.0,0.97611,0.9326
2021-12-27,4955.96,983597.5,1015986.0,0.979,0.93532
2021-12-28,4883.48,975494.18,1015986.0,0.97446,0.93164
2021-12-29,4921.51,982732.52,1015986.0,0.97817,0.93461
2022-01-02,4940.37,988065.68,1204724.0,0.76081,0.74687
2022-01-03,4917.77,986865.02,1204724.0,0.75916,0.74595
2022-01-04,4868.12,986508.61,1204724.0,0.75875,0.74527
2022-01-05,4818.23,984811.02,1204724.0,0.75587,0.74361
2022-01-08,4822.37,979868.95,1204724.0,0.74352,0.73533
2022-01-09,4844.05,984720.65,1204724.0,0.75545,0.7435
2022-01-10,4797.77,976656.47,1204724.0,0.72993,0.72466
2022-01-11,4845.58,987239.1,1204724.0,0.7604,0.74706
2022-01-12,4765.92,974632.85,1204724.0,0.72499,0.72087
2022-01-15,4726.73,969695.56,1204724.0,0.71552,0.71162
2022-01-16,4767.28,979156.5,1204724.0,0.74022,0.73302
2022-01-17,4813.35,982556.78,1204724.0,0.7501,0.7402
2022-01-18,4780.38,976764.61,1204724.0,0.72993,0.72507
2022-01-19,4823.51,973046.19,1204724.0,0.71923,0.71656
2022-01-22,4779.31,962451.63,1204724.0,0.69877,0.69777
2022-01-23,4786.74,965899.63,1204724.0,0.70506,0.70397
2022-01-24,4678.45,938526.83,1204724.0,0.65008,0.64994
2022-01-25,4712.31,945848.15,1204724.0,0.66626,0.6652
2022-01-26,4619.88,926091.04,1204724.0,0.62983,0.62638
2022-02-05,4563.77,920942.04,1204724.0,0.61754,0.61522
2022-02-06,4634.09,936198.29,1204724.0,0.6443,0.64539
2022-02-07,4608.77,940084.68,1204724.0,0.6513,0.6533
2022-02-08,4652.06,951830.03,1204724.0,0.67682,0.67514
2022-02-09,4639.86,950139.84,1204724.0,0.67353,0.67253
2022-02-12,4601.4,940339.47,1204724.0,0.65047,0.65331
2022-02-13,4551.69,932261.63,1204724.0,0.6373,0.63825
2022-02-14,4600.1,939626.61,1204724.0,0.64965,0.65226
2022-02-15,4617.99,945477.5,1204724.0,0.66365,0.66431
2022-02-16,4629.16,946226.19,1204724.0,0.66529,0.6661
2022-02-19,4651.24,951810.21,1204724.0,0.67641,0.67545
2022-02-20,4634.31,954223.18,1204724.0,0.68012,0.67919
2022-02-21,4574.15,944221.09,1204724.0,0.65953,0.66122
2022-02-22,4623.05,956222.09,1204724.0,0.68382,0.68422
2022-02-23,4529.32,937406.67,1204724.0,0.64142,0.64529
2022-02-26,4573.42,945252.58,1204724.0,0.66077,0.66317
2022-02-27,4581.65,948549.66,1204724.0,0.669,0.66983
2022-02-28,4619.69,954307.01,1204724.0,0.67957,0.67966
2022-03-01,4578.6,951426.14,1204724.0,0.67381,0.67414
2022-03-02,4551.63,948423.61,1204724.0,0.66735,0.6691
2022-03-05,4496.43,938515.65,1204724.0,0.64209,0.64752
2022-03-06,4352.78,917045.06,1204724.0,0.60255,0.6055
2022-03-07,4265.39,894337.46,1204724.0,0.55972,0.56399
2022-03-08,4226.35,884603.51,1204724.0,0.54366,0.54999
2022-03-09,4292.84,898029.37,1204724.0,0.56731,0.56955
2022-03-12,4306.52,902406.64,1204724.0,0.57537,0.57646
2022-03-13,4174.76,878565.99,1204724.0,0.5313,0.53938
2022-03-14,3983.81,837997.23,1204724.0,0.46993,0.47461
2022-03-15,4156.08,866950.84,1204724.0,0.5103,0.51871
2022-03-16,4237.7,881487.98,1204724.0,0.53767,0.54457
2022-03-19,4265.9,890175.78,1204724.0,0.55107,0.55828
2022-03-20,4258.75,893557.73,1204724.0,0.55725,0.56324
2022-03-21,4255.3,893815.34,1204724.0,0.55807,0.56383
2022-03-22,4276.52,897589.51,1204724.0,0.5659,0.56976
2022-03-23,4251.31,892170.57,1204724.0,0.55373,0.56041
2022-03-26,4174.57,880937.63,1204724.0,0.53295,0.54208
2022-03-27,4148.47,879165.61,1204724.0,0.52965,0.53977
2022-03-28,4134.14,875902.86,1204724.0,0.52183,0.53309
2022-03-29,4254.1,894116.44,1204724.0,0.55807,0.56471
2022-03-30,4222.6,888802.52,1204724.0,0.54632,0.55561
2022-04-04,4276.16,895535.49,1204724.0,0.56114,0.56686
2022-04-05,4263.84,896040.72,1204724.0,0.56319,0.56818
2022-04-06,4209.1,881942.95,1204724.0,0.53539,0.54479
2022-04-09,4230.77,883559.91,1204724.0,0.53602,0.54708
2022-04-10,4100.07,858746.8,1204724.0,0.49238,0.50508
2022-04-11,4179.97,872169.29,1204724.0,0.51544,0.52698
2022-04-12,4139.74,862557.56,1204724.0,0.49774,0.51064
2022-04-13,4191.57,871482.09,1204724.0,0.51358,0.52576
2022-04-16,4188.75,865115.72,1204724.0,0.50103,0.51499
2022-04-17,4166.38,863931.05,1204724.0,0.49856,0.51293
2022-04-18,4134.9,863863.51,1204724.0,0.49815,0.51281
2022-04-19,4070.79,851650.73,1204724.0,0.48168,0.4936
2022-04-20,3995.83,836957.6,1204724.0,0.45638,0.4686
2022-04-23,4013.25,838555.03,1204724.0,0.46233,0.47356
2022-04-24,3814.91,792943.84,1204724.0,0.35117,0.38436
2022-04-25,3784.12,779126.2,1204724.0,0.32565,0.36423
2022-04-26,3895.54,801836.77,1204724.0,0.37299,0.40154
2022-04-27,3921.11,802700.4,1204724.0,0.3749,0.40314
2022-05-03,4016.24,826683.11,1204724.0,0.42875,0.4479
2022-05-04,4010.21,831436.66,1204724.0,0.43804,0.45647
2022-05-07,3908.82,815499.38,1204724.0,0.39786,0.42406
2022-05-08,3877.44,817330.33,1204724.0,0.40321,0.42854
2022-05-09,3919.87,826255.26,1204724.0,0.4271,0.44723
2022-05-10,3976.42,833831.51,1204724.0,0.44522,0.4623
2022-05-11,3958.74,833740.05,1204724.0,0.44504,0.46219
2022-05-14,3988.6,840393.99,1204724.0,0.46623,0.47893
2022-05-15,3956.54,838163.26,1204724.0,0.46005,0.47376
2022-05-16,4005.89,843936.92,1204724.0,0.47158,0.48472
2022-05-17,3991.91,843564.3,1204724.0,0.47076,0.48436
2022-05-18,3999.6,846491.87,1204724.0,0.4755,0.48954
2022-05-21,4077.6,859803.03,1204724.0,0.49053,0.50746
2022-05-22,4053.98,862118.23,1204724.0,0.49547,0.51214
2022-05-23,3959.15,838043.82,1204724.0,0.45717,0.47284
2022-05-24,3983.18,848128.24,1204724.0,0.47652,0.49123
2022-05-25,3993.04,852054.26,1204724.0,0.48127,0.4964
2022-05-28,4001.3,854021.75,1204724.0,0.48394,0.50012
2022-05-29,4029.02,860627.15,1204724.0,0.49053,0.50841
2022-05-30,4091.52,871249.8,1204724.0,0.51277,0.52869
2022-05-31,4083.18,870957.0,1204724.0,0.51236,0.52784
2022-06-04,4089.57,875368.29,1204724.0,0.51875,0.53588
2022-06-05,4166.09,890242.15,1204724.0,0.548,0.5619
2022-06-06,4179.13,890920.63,1204724.0,0.55006,0.56344
2022-06-07,4219.81,896844.09,1204724.0,0.56489,0.57386
2022-06-08,4175.67,886830.99,1204724.0,0.54036,0.5555
2022-06-11,4238.99,900869.6,1204724.0,0.57149,0.57958
2022-06-12,4189.35,895547.52,1204724.0,0.55954,0.57081
2022-06-13,4222.31,901796.01,1204724.0,0.57355,0.58122
2022-06-14,4278.22,905488.88,1204724.0,0.5789,0.58635
2022-06-15,4250.06,902706.13,1204724.0,0.57496,0.58285
2022-06-18,4309.04,911618.56,1204724.0,0.59415,0.60235
2022-06-19,4330.43,914911.78,1204724.0,0.59951,0.6089
2022-06-20,4325.57,912241.4,1204724.0,0.5958,0.60397
2022-06-21,4270.62,901480.74,1204724.0,0.57125,0.58038
2022-06-22,4343.88,917906.82,1204724.0,0.60478,0.61445
2022-06-25,4394.77,927113.77,1204724.0,0.62397,0.63295
2022-06-26,4444.26,935517.71,1204724.0,0.63591,0.6481
2022-06-27,4490.52,944836.95,1204724.0,0.65815,0.66778
2022-06-28,4421.36,929041.05,1204724.0,0.62727,0.63823
2022-06-29,4485.01,939532.41,1204724.0,0.6443,0.65671
2022-07-02,4466.72,936983.27,1204724.0,0.63715,0.65011
2022-07-03,4496.03,944660.69,1204724.0,0.65692,0.66738
2022-07-04,4489.54,942341.6,1204724.0,0.64992,0.66221
2022-07-05,4423.97,930560.81,1204724.0,0.62644,0.63938
2022-07-06,4443.47,935468.78,1204724.0,0.63359,0.64734
2022-07-09,4428.78,932033.45,1204724.0,0.62809,0.64146
2022-07-10,4354.62,920574.7,1204724.0,0.60379,0.61674
2022-07-11,4313.62,909893.04,1204724.0,0.58237,0.59442
2022-07-12,4321.46,913464.18,1204724.0,0.59143,0.60334
2022-07-13,4322.07,915591.22,1204724.0,0.59531,0.60844
2022-07-16,4248.53,901389.29,1204724.0,0.56425,0.57803
2022-07-17,4292.59,915145.66,1204724.0,0.5939,0.60767
2022-07-18,4269.34,915751.51,1204724.0,0.59514,0.60895
2022-07-19,4283.8,922597.65,1204724.0,0.60791,0.62095
2022-07-20,4236.06,914687.96,1204724.0,0.59201,0.60605
2022-07-23,4238.23,913502.6,1204724.0,0.58937,0.60281
2022-07-24,4212.64,907127.0,1204724.0,0.5729,0.58649
2022-07-25,4245.98,915129.6,1204724.0,0.59267,0.60752
2022-07-26,4225.04,915926.9,1204724.0,0.59473,0.60951
2022-07-27,4225.67,918727.89,1204724.0,0.60066,0.61484
2022-07-30,4170.1,910441.97,1204724.0,0.5799,0.59472
2022-07-31,4188.68,916952.83,1204724.0,0.59596,0.61074
2022-08-01,4107.02,893721.82,1204724.0,0.53954,0.56237
2022-08-02,4066.98,886728.17,1204724.0,0.5243,0.55012
2022-08-03,4101.54,894363.57,1204724.0,0.5422,0.56424
2022-08-06,4156.91,907064.44,1204724.0,0.57043,0.58571
2022-08-07,4148.07,911273.14,1204724.0,0.58278,0.59839
2022-08-08,4156.29,914186.33,1204724.0,0.58896,0.60489
2022-08-09,4109.74,909944.77,1204724.0,0.57702,0.59359
2022-08-10,4193.54,924512.06,1204724.0,0.6126,0.62713
2022-08-13,4191.15,923783.38,1204724.0,0.60956,0.62485
2022-08-14,4185.68,925215.04,1204724.0,0.61409,0.62826
2022-08-15,4177.84,926995.99,1204724.0,0.61944,0.63333
2022-08-16,4216.96,932274.18,1204724.0,0.6285,0.64408
2022-08-17,4180.1,929650.79,1204724.0,0.62454,0.63966
2022-08-20,4151.07,922414.04,1204724.0,0.60461,0.62103
2022-08-21,4181.4,930808.23,1204724.0,0.62521,0.64196
2022-08-22,4161.08,930938.85,1204724.0,0.62562,0.64228
2022-08-23,4082.42,910083.7,1204724.0,0.57372,0.59266
2022-08-24,4116.24,915156.14,1204724.0,0.58831,0.60696
2022-08-27,4107.55,911702.1,1204724.0,0.57908,0.59853
2022-08-28,4089.52,913572.22,1204724.0,0.58361,0.60194
2022-08-29,4075.79,909635.46,1204724.0,0.57043,0.59092
2022-08-30,4078.84,898381.81,1204724.0,0.54489,0.56879
2022-08-31,4043.74,893193.94,1204724.0,0.53026,0.55873
2022-09-03,4023.61,895190.64,1204724.0,0.53624,0.56333
2022-09-04,4015.43,897676.05,1204724.0,0.54366,0.56839
2022-09-05,4052.28,908397.53,1204724.0,0.56631,0.58715
2022-09-06,4054.98,910890.05,1204724.0,0.57537,0.59599
2022-09-07,4037.68,906148.32,1204724.0,0.56031,0.58168
2022-09-11,4093.79,913438.33,1204724.0,0.58179,0.60184
2022-09-12,4111.11,915305.22,1204724.0,0.58797,0.60831
2022-09-13,4065.36,907549.89,1204724.0,0.56325,0.58528
2022-09-14,4027.12,893495.6,1204724.0,0.52718,0.55849
2022-09-17,3932.68,873841.8,1204724.0,0.4862,0.5237
2022-09-18,3928.0,869960.82,1204724.0,0.47919,0.5165
2022-09-19,3932.84,874800.04,1204724.0,0.48743,0.52581
2022-09-20,3903.73,873073.75,1204724.0,0.48455,0.52286
2022-09-21,3869.34,870347.87,1204724.0,0.48023,0.51779
2022-09-24,3856.02,863491.54,1204724.0,0.46395,0.50542
2022-09-25,3836.68,854235.68,1204724.0,0.44953,0.4907
2022-09-26,3892.3,868358.14,1204724.0,0.4726,0.51295
2022-09-27,3828.71,851784.15,1204724.0,0.44499,0.48623
2022-09-28,3827.14,851566.14,1204724.0,0.44399,0.48541
2022-10-08,3804.89,844801.0,1204724.0,0.43387,0.47589
2022-10-09,3720.94,830669.18,1204724.0,0.39349,0.44332
2022-10-10,3727.69,833054.59,1204724.0,0.40132,0.4498
2022-10-11,3784.31,848960.01,1204724.0,0.44005,0.48213
2022-10-12,3752.67,848075.96,1204724.0,0.43904,0.48108
2022-10-15,3842.47,865348.72,1204724.0,0.46724,0.50963
2022-10-16,3846.41,869931.24,1204724.0,0.47754,0.51703
2022-10-17,3838.27,870663.12,1204724.0,0.48002,0.51926
2022-10-18,3776.53,861085.67,1204724.0,0.45571,0.50012
2022-10-19,3754.93,858115.82,1204724.0,0.45058,0.49554
2022-10-22,3742.89,858020.08,1204724.0,0.44994,0.49542
2022-10-23,3633.37,842637.53,1204724.0,0.42728,0.47208
2022-10-24,3627.45,840747.03,1204724.0,0.42316,0.46821
2022-10-25,3656.9,850514.14,1204724.0,0.43964,0.48476
2022-10-26,3631.14,846169.12,1204724.0,0.43287,0.47831
2022-10-29,3541.33,824497.2,1204724.0,0.37536,0.43179
2022-10-30,3508.7,822303.72,1204724.0,0.36918,0.4277
2022-10-31,3634.17,844402.23,1204724.0,0.42934,0.47516
2022-11-01,3677.81,854174.88,1204724.0,0.44623,0.49145
2022-11-02,3647.9,853248.86,1204724.0,0.44399,0.48923
2022-11-05,3767.17,874056.06,1204724.0,0.48578,0.52704
2022-11-06,3775.3,876738.56,1204724.0,0.49032,0.5323
2022-11-07,3749.33,873354.49,1204724.0,0.48414,0.52586
2022-11-08,3714.27,869195.38,1204724.0,0.47301,0.51614
2022-11-09,3685.69,863800.22,1204724.0,0.46087,0.50737
2022-11-12,3788.44,876854.88,1204724.0,0.49032,0.53274
2022-11-13,3794.02,875204.77,1204724.0,0.48702,0.52981
2022-11-14,3865.97,890381.33,1204724.0,0.51916,0.5568
2022-11-15,3834.39,885723.41,1204724.0,0.51009,0.54919
2022-11-16,3818.66,885078.6,1204724.0,0.50906,0.5486
2022-11-19,3801.57,880686.65,1204724.0,0.49856,0.53959
2022-11-20,3769.13,878673.28,1204724.0,0.49403,0.53667
2022-11-21,3769.57,876312.92,1204724.0,0.48702,0.53117
2022-11-22,3773.53,876311.92,1204724.0,0.48661,0.53105
2022-11-23,3756.81,875508.37,1204724.0,0.48517,0.52975
2022-11-26,3775.78,876451.2,1204724.0,0.48702,0.53173
2022-11-27,3733.24,870557.91,1204724.0,0.47384,0.51901
2022-11-28,3848.42,889228.26,1204724.0,0.51669,0.5562
2022-11-29,3853.04,890834.48,1204724.0,0.52122,0.5591
2022-11-30,3894.77,897143.08,1204724.0,0.53954,0.57179
2022-12-03,3870.95,895507.7,1204724.0,0.53317,0.5677
2022-12-04,3946.88,909445.95,1204724.0,0.56778,0.59529
2022-12-05,3968.2,910302.85,1204724.0,0.57108,0.59795
2022-12-06,3958.44,907656.61,1204724.0,0.56283,0.59059
2022-12-07,3959.18,906179.51,1204724.0,0.55766,0.58603
2022-12-10,3998.24,909928.0,1204724.0,0.56902,0.59683
2022-12-11,3953.44,903061.0,1204724.0,0.55089,0.58134
2022-12-12,3945.68,900961.49,1204724.0,0.54512,0.57701
2022-12-13,3954.89,900274.94,1204724.0,0.54306,0.57572
2022-12-14,3951.99,899843.76,1204724.0,0.5416,0.57465
2022-12-17,3954.23,897375.24,1204724.0,0.53564,0.5708
2022-12-18,3893.22,880366.54,1204724.0,0.49197,0.53789
2022-12-19,3829.02,870947.59,1204724.0,0.46807,0.51778
2022-12-20,3830.54,868618.52,1204724.0,0.46065,0.51255
2022-12-21,3836.03,864547.16,1204724.0,0.4514,0.50592
2022-12-24,3828.22,862547.36,1204724.0,0.44541,0.50093
2022-12-25,3843.49,871154.41,1204724.0,0.46848,0.51939
2022-12-26,3887.85,879881.51,1204724.0,0.49032,0.5376
2022-12-27,3871.26,875555.78,1204724.0,0.47796,0.52843
2022-12-28,3856.7,871678.49,1204724.0,0.46952,0.52042
2023-01-01,3871.63,875437.49,1294272.0,0.39086,0.45256
2023-01-02,3887.9,886176.87,1294272.0,0.41663,0.47495
2023-01-03,3892.95,888173.03,1294272.0,0.41993,0.47763
2023-01-04,3968.58,898640.43,1294272.0,0.43663,0.49444
2023-01-07,3980.89,899603.27,1294272.0,0.43722,0.49525
2023-01-08,4013.12,904961.95,1294272.0,0.44998,0.50626
2023-01-09,4017.47,904661.59,1294272.0,0.44957,0.50614
2023-01-10,4010.03,901612.19,1294272.0,0.44092,0.49907
2023-01-11,4017.87,902727.67,1294272.0,0.44403,0.5015
2023-01-14,4074.38,911348.65,1294272.0,0.46727,0.51921
2023-01-15,4137.96,920993.51,1294272.0,0.49156,0.53946
2023-01-16,4137.24,920282.25,1294272.0,0.4895,0.53841
2023-01-17,4130.31,921560.59,1294272.0,0.49321,0.54083
2023-01-18,4156.01,927095.13,1294272.0,0.50494,0.55065
2023-01-28,4181.53,934231.88,1294272.0,0.5198,0.56277
2023-01-29,4201.35,938321.31,1294272.0,0.53342,0.57189
2023-01-30,4156.86,934604.75,1294272.0,0.5198,0.56321
2023-01-31,4195.93,945768.4,1294272.0,0.55281,0.58572
2023-02-01,4181.15,945941.33,1294272.0,0.55299,0.58582
2023-02-04,4141.63,941365.6,1294272.0,0.53919,0.57667
2023-02-05,4086.88,934195.08,1294272.0,0.51691,0.56176
2023-02-06,4094.23,936779.78,1294272.0,0.5264,0.56833
2023-02-07,4076.14,932643.13,1294272.0,0.51361,0.55989
2023-02-08,4130.86,945292.25,1294272.0,0.5501,0.58468
2023-02-11,4106.31,941769.87,1294272.0,0.54122,0.57809
2023-02-12,4143.57,950079.89,1294272.0,0.56283,0.59479
2023-02-13,4145.29,951346.06,1294272.0,0.56631,0.59811
2023-02-14,4123.69,948947.52,1294272.0,0.55867,0.59083
2023-02-15,4093.49,937721.26,1294272.0,0.53004,0.57041
2023-02-18,4034.51,928789.94,1294272.0,0.50103,0.55092
2023-02-19,4133.49,947239.97,1294272.0,0.55331,0.58742
2023-02-20,4144.35,950368.22,1294272.0,0.56319,0.59558
2023-02-21,4106.95,946599.8,1294272.0,0.55167,0.58623
2023-02-22,4103.65,945084.05,1294272.0,0.54774,0.58379
2023-02-25,4061.05,939269.92,1294272.0,0.53232,0.57307
2023-02-26,4043.84,934985.73,1294272.0,0.51585,0.56282
2023-02-27,4069.46,942163.15,1294272.0,0.53973,0.57833
2023-02-28,4126.94,952654.65,1294272.0,0.57225,0.6035
2023-03-01,4117.74,950748.1,1294272.0,0.56379,0.59646
2023-03-04,4130.55,955094.04,1294272.0,0.5809,0.61103
2023-03-05,4109.01,954652.7,1294272.0,0.58007,0.61066
2023-03-06,4048.85,941211.34,1294272.0,0.53355,0.57514
2023-03-07,4034.11,942335.91,1294272.0,0.53849,0.57845
2023-03-08,4019.85,941655.96,1294272.0,0.5358,0.57648
2023-03-11,3967.14,928835.18,1294272.0,0.49527,0.54925
2023-03-12,4008.69,939315.88,1294272.0,0.52944,0.57254
2023-03-13,3984.7,932468.2,1294272.0,0.50556,0.55726
2023-03-14,3986.9,936958.63,1294272.0,0.51914,0.56631
2023-03-15,3939.15,925429.41,1294272.0,0.48724,0.5437
2023-03-18,3958.82,932010.25,1294272.0,0.50268,0.55573
2023-03-19,3939.08,926336.15,1294272.0,0.4895,0.54598
2023-03-20,3982.38,934817.01,1294272.0,0.5105,0.56144
2023-03-21,3999.44,938958.7,1294272.0,0.52655,0.57163
2023-03-22,4039.09,945072.33,1294272.0,0.54568,0.58456
2023-03-25,4027.05,941266.32,1294272.0,0.53232,0.57572
2023-03-26,4012.48,938344.23,1294272.0,0.52408,0.57009
2023-03-27,3999.51,935038.7,1294272.0,0.5105,0.56194
2023-03-28,4006.14,935451.84,1294272.0,0.51256,0.56319
2023-03-29,4038.53,939388.42,1294272.0,0.52881,0.57336
2023-04-01,4050.93,944723.18,1294272.0,0.54467,0.58444
2023-04-02,4090.57,954171.91,1294272.0,0.57843,0.61153
2023-04-04,4103.11,957424.81,1294272.0,0.58683,0.61917
2023-04-05,4096.64,957688.2,1294272.0,0.58824,0.62017
2023-04-08,4123.28,964266.51,1294272.0,0.60288,0.63214
2023-04-09,4104.81,960993.82,1294272.0,0.59588,0.62674
2023-04-10,4100.15,960277.92,1294272.0,0.59383,0.625
2023-04-11,4097.29,965201.68,1294272.0,0.60412,0.634
2023-04-12,4068.98,960756.7,1294272.0,0.59523,0.62654
2023-04-15,4092.0,967063.7,1294272.0,0.60864,0.6385
2023-04-16,4149.38,977811.13,1294272.0,0.63128,0.66073
2023-04-17,4162.03,979177.91,1294272.0,0.63457,0.66332
2023-04-18,4124.56,972780.61,1294272.0,0.62305,0.65199
2023-04-19,4113.02,971968.5,1294272.0,0.62073,0.65047
2023-04-22,4032.57,951417.21,1294272.0,0.56049,0.599
2023-04-23,3982.64,944423.97,1294272.0,0.53786,0.58198
2023-04-24,3962.67,937301.87,1294272.0,0.51317,0.56566
2023-04-25,3959.23,937305.56,1294272.0,0.51317,0.56576
2023-04-26,3988.42,941959.13,1294272.0,0.52982,0.57634
2023-05-02,4029.09,954379.61,1294272.0,0.57407,0.61062
2023-05-03,4030.25,959857.76,1294272.0,0.58988,0.62392
2023-05-06,4016.88,954700.17,1294272.0,0.5749,0.61125
2023-05-07,4062.66,969719.06,1294272.0,0.61481,0.64458
2023-05-08,4027.88,957945.07,1294272.0,0.58395,0.61962
2023-05-09,3996.87,950884.02,1294272.0,0.55556,0.5965
2023-05-10,3990.66,949203.28,1294272.0,0.54957,0.59135
2023-05-13,3937.76,938080.45,1294272.0,0.51317,0.56688
2023-05-14,3998.89,949422.47,1294272.0,0.55062,0.59222
2023-05-15,3978.21,943167.88,1294272.0,0.53045,0.57844
2023-05-16,3960.17,942197.52,1294272.0,0.52757,0.57649
2023-05-17,3956.07,946109.7,1294272.0,0.54093,0.58523
2023-05-20,3944.54,944312.39,1294272.0,0.53374,0.58123
2023-05-21,3969.33,948178.05,1294272.0,0.54486,0.58882
2023-05-22,3913.19,934649.36,1294272.0,0.49383,0.55576
2023-05-23,3859.09,925018.96,1294272.0,0.4679,0.53747
2023-05-24,3850.5,924035.57,1294272.0,0.46565,0.53575
2023-05-27,3850.95,927812.02,1294272.0,0.47407,0.54199
2023-05-28,3833.94,928335.88,1294272.0,0.4749,0.543
2023-05-29,3837.75,930957.34,1294272.0,0.48189,0.54877
2023-05-30,3798.54,925771.9,1294272.0,0.46872,0.5389
2023-05-31,3806.87,927711.62,1294272.0,0.47306,0.54172
2023-06-03,3861.83,935950.41,1294272.0,0.5,0.56064
2023-06-04,3844.25,936307.79,1294272.0,0.50165,0.56188
2023-06-05,3808.16,926100.03,1294272.0,0.46831,0.53954
2023-06-06,3789.34,925829.21,1294272.0,0.46708,0.53851
2023-06-07,3820.19,928387.79,1294272.0,0.47388,0.54315
2023-06-10,3836.7,935468.54,1294272.0,0.49836,0.55978
2023-06-11,3844.43,936179.18,1294272.0,0.50144,0.56192
2023-06-12,3864.91,938774.03,1294272.0,0.51336,0.56926
2023-06-13,3864.02,938004.74,1294272.0,0.51048,0.56732
2023-06-14,3925.5,945066.83,1294272.0,0.53615,0.58416
2023-06-15,3963.35,951303.06,1294272.0,0.5577,0.60032
2023-06-18,3930.91,947903.51,1294272.0,0.54254,0.5891
2023-06-19,3924.24,944517.21,1294272.0,0.53309,0.58264
2023-06-20,3864.03,930093.99,1294272.0,0.47596,0.54634
2023-06-25,3809.7,915788.81,1294272.0,0.43439,0.51616
2023-06-26,3845.43,928161.43,1294272.0,0.46935,0.5418
2023-06-27,3840.8,926120.7,1294272.0,0.46442,0.53874
2023-06-28,3821.84,926038.29,1294272.0,0.4634,0.53817
2023-06-29,3842.45,933304.02,1294272.0,0.48582,0.55317
2023-07-02,3892.88,943799.9,1294272.0,0.52982,0.58126
2023-07-03,3899.01,945900.55,1294272.0,0.53887,0.587
2023-07-04,3868.81,938930.88,1294272.0,0.51049,0.56927
2023-07-05,3842.75,934810.26,1294272.0,0.4889,0.55628
2023-07-06,3825.7,930925.79,1294272.0,0.47596,0.54781
2023-07-09,3844.33,933065.89,1294272.0,0.48334,0.55265
2023-07-10,3869.49,939317.85,1294272.0,0.51378,0.57146
2023-07-11,3843.44,930825.53,1294272.0,0.47429,0.54744
2023-07-12,3898.42,943442.03,1294272.0,0.52878,0.58112
2023-07-13,3899.1,942857.15,1294272.0,0.52569,0.57918
2023-07-16,3867.17,935825.8,1294272.0,0.49362,0.55991
2023-07-17,3854.94,932945.12,1294272.0,0.48128,0.55213
2023-07-18,3850.87,932851.78,1294272.0,0.48087,0.552
2023-07-19,3823.69,924137.22,1294272.0,0.45107,0.53162
2023-07-20,3821.91,922652.1,1294272.0,0.44924,0.52948
2023-07-23,3805.22,921005.72,1294272.0,0.44262,0.52531
2023-07-24,3915.12,940526.92,1294272.0,0.51501,0.57332
2023-07-25,3907.01,936952.64,1294272.0,0.49815,0.5633
2023-07-26,3902.35,934459.05,1294272.0,0.48479,0.55508
2023-07-27,3992.74,949653.5,1294272.0,0.55117,0.59766
2023-07-30,4014.63,954791.79,1294272.0,0.57425,0.61596
2023-07-31,3998.0,953942.89,1294272.0,0.56931,0.6129
2023-08-01,3969.9,947400.56,1294272.0,0.54011,0.59052
2023-08-02,4004.98,952003.05,1294272.0,0.55962,0.60521
2023-08-03,4020.58,955860.82,1294272.0,0.57707,0.6181
2023-08-06,3990.15,950740.31,1294272.0,0.55245,0.59978
2023-08-07,3979.73,948770.62,1294272.0,0.54381,0.59336
2023-08-08,3967.57,944596.26,1294272.0,0.52941,0.58403
2023-08-09,3975.72,947297.42,1294272.0,0.53824,0.58973
2023-08-10,3884.25,929164.11,1294272.0,0.46157,0.54115
2023-08-13,3855.91,926807.16,1294272.0,0.45455,0.53677
2023-08-14,3846.54,925227.02,1294272.0,0.44755,0.53217
2023-08-15,3818.33,917064.64,1294272.0,0.42328,0.51502
2023-08-16,3831.1,922343.14,1294272.0,0.44038,0.52655
2023-08-17,3784.0,911636.82,1294272.0,0.40978,0.50358
2023-08-20,3729.56,902003.58,1294272.0,0.38297,0.48399
2023-08-21,3758.23,909477.05,1294272.0,0.40066,0.49709
2023-08-22,3696.63,895716.2,1294272.0,0.36898,0.4728
2023-08-23,3723.43,897284.44,1294272.0,0.37007,0.47426
2023-08-24,3709.15,889249.0,1294272.0,0.35841,0.46252
2023-08-27,3752.62,899044.34,1294272.0,0.37474,0.4783
2023-08-28,3790.11,914104.6,1294272.0,0.41506,0.50883
2023-08-29,3788.51,915911.21,1294272.0,0.41917,0.51297
2023-08-30,3765.27,911843.88,1294272.0,0.40913,0.50458
2023-08-31,3791.49,914512.3,1294272.0,0.41554,0.50961
2023-09-03,3848.95,927502.16,1294272.0,0.45578,0.53899
2023-09-04,3820.32,921368.08,1294272.0,0.43603,0.52525
2023-09-05,3812.03,922474.45,1294272.0,0.44056,0.52826
2023-09-06,3758.47,910281.79,1294272.0,0.40132,0.49911
2023-09-07,3739.99,909633.23,1294272.0,0.3991,0.49766
2023-09-10,3767.54,917078.79,1294272.0,0.42164,0.51607
2023-09-11,3760.6,915897.6,1294272.0,0.41711,0.51283
2023-09-12,3736.65,910018.17,1294272.0,0.39778,0.49755
2023-09-13,3733.51,909543.8,1294272.0,0.39679,0.49699
2023-09-14,3708.78,907200.34,1294272.0,0.38964,0.49219
2023-09-17,3727.71,909666.25,1294272.0,0.39737,0.49766
2023-09-18,3720.5,907293.4,1294272.0,0.38898,0.4922
2023-09-19,3705.69,902789.4,1294272.0,0.37813,0.48429
2023-09-20,3672.44,896252.12,1294272.0,0.36196,0.47126
2023-09-21,3738.93,910630.17,1294272.0,0.40287,0.501
2023-09-24,3714.6,906045.16,1294272.0,0.38594,0.49042
2023-09-25,3692.89,901485.11,1294272.0,0.37279,0.48096
2023-09-26,3700.5,903243.63,1294272.0,0.37896,0.48553
2023-09-27,3689.52,905515.14,1294272.0,0.38537,0.49032
2023-10-08,3684.73,903310.41,1294272.0,0.37829,0.48554
2023-10-09,3657.13,897890.23,1294272.0,0.36184,0.47341
2023-10-10,3667.55,900012.34,1294272.0,0.36719,0.47754
2023-10-11,3702.38,908219.64,1294272.0,0.39088,0.49455
2023-10-12,3663.41,903283.29,1294272.0,0.37798,0.48555
2023-10-15,3626.6,897361.08,1294272.0,0.35855,0.47166
2023-10-16,3639.4,900308.18,1294272.0,0.36637,0.47756
2023-10-17,3610.58,891010.52,1294272.0,0.34827,0.4619
2023-10-18,3533.54,876560.14,1294272.0,0.31854,0.43736
2023-10-19,3510.59,869124.44,1294272.0,0.29293,0.41905
2023-10-22,3474.24,856138.07,1294272.0,0.26028,0.39609
2023-10-23,3487.13,863085.78,1294272.0,0.28002,0.40999
2023-10-24,3504.46,866523.88,1294272.0,0.28783,0.41567
2023-10-25,3514.14,871090.64,1294272.0,0.30086,0.42578
2023-10-26,3562.39,881665.07,1294272.0,0.33196,0.44854
2023-10-29,3583.77,885653.9,1294272.0,0.33882,0.45531
2023-10-30,3572.51,883944.13,1294272.0,0.3347,0.45188
2023-10-31,3571.03,884512.1,1294272.0,0.33594,0.45289
2023-11-01,3554.19,879184.82,1294272.0,0.3247,0.44348
2023-11-02,3584.14,886499.65,1294272.0,0.34141,0.45735
2023-11-05,3632.61,896224.06,1294272.0,0.35609,0.47142
2023-11-06,3619.76,897331.55,1294272.0,0.35773,0.47309
2023-11-07,3611.07,896935.7,1294272.0,0.35691,0.47254
2023-11-08,3612.83,895727.73,1294272.0,0.35512,0.47089
2023-11-09,3586.49,892047.3,1294272.0,0.35004,0.46547
2023-11-12,3579.41,895154.71,1294272.0,0.35362,0.47002
2023-11-13,3582.06,898069.49,1294272.0,0.36061,0.47588
2023-11-14,3607.25,903126.69,1294272.0,0.37582,0.48728
2023-11-15,3572.36,896062.58,1294272.0,0.3543,0.47125
2023-11-16,3568.07,897871.61,1294272.0,0.35949,0.47513
2023-11-19,3576.32,902455.11,1294272.0,0.37294,0.48541
2023-11-20,3581.07,901078.91,1294272.0,0.36719,0.48177
2023-11-21,3544.42,893392.64,1294272.0,0.34827,0.46686
2023-11-22,3561.52,899304.81,1294272.0,0.36334,0.47868
2023-11-23,3538.01,892678.72,1294272.0,0.34675,0.46533
2023-11-26,3511.94,889867.9,1294272.0,0.34005,0.46081
2023-11-27,3518.52,892533.37,1294272.0,0.34581,0.46534
2023-11-28,3488.31,886932.66,1294272.0,0.3347,0.45619
2023-11-29,3496.2,887908.95,1294272.0,0.33621,0.45719
2023-11-30,3482.88,889611.5,1294272.0,0.33936,0.46018
2023-12-03,3460.14,886893.92,1294272.0,0.33347,0.45589
2023-12-04,3394.26,872412.42,1294272.0,0.29235,0.42536
2023-12-05,3399.6,872893.77,1294272.0,0.29441,0.42659
2023-12-06,3391.28,871687.39,1294272.0,0.28935,0.42341
2023-12-07,3399.46,872902.64,1294272.0,0.29499,0.42684
2023-12-10,3419.45,879437.28,1294272.0,0.3162,0.44239
2023-12-11,3426.8,882550.75,1294272.0,0.32196,0.4478
2023-12-12,3369.61,873121.17,1294272.0,0.29359,0.427
2023-12-13,3351.96,869845.12,1294272.0,0.28031,0.41854
2023-12-14,3341.55,865631.0,1294272.0,0.27198,0.4114
2023-12-17,3329.37,860155.29,1294272.0,0.25535,0.40097
2023-12-18,3334.04,860970.2,1294272.0,0.25946,0.40352
2023-12-19,3297.5,852276.0,1294272.0,0.23314,0.38583
2023-12-20,3330.87,857003.57,1294272.0,0.24743,0.39543
2023-12-21,3337.23,854451.34,1294272.0,0.23952,0.38984
2023-12-24,3347.45,855893.13,1294272.0,0.2426,0.39261
2023-12-25,3324.79,849795.1,1294272.0,0.22862,0.38308
2023-12-26,3336.36,855212.89,1294272.0,0.24013,0.39134
2023-12-27,3414.54,868551.99,1294272.0,0.27702,0.41652
2023-12-28,3431.11,876279.59,1294272.0,0.30567,0.43598
2024-01-01,3386.35,871821.65,1349084.0,0.28701,0.42468
2024-01-07,3286.06,845138.63,1349084.0,0.21628,0.37582
2024-01-08,3292.5,847127.99,1349084.0,0.22245,0.38013
2024-01-09,3277.13,841631.41,1349084.0,0.20847,0.36974
2024-01-10,3295.67,847265.62,1349084.0,0.22277,0.3804
2024-01-11,3284.17,843936.6,1349084.0,0.21364,0.3744
2024-01-14,3280.92,844467.77,1349084.0,0.21299,0.37475
2024-01-15,3300.88,846281.31,1349084.0,0.21875,0.3784
2024-01-16,3229.08,827828.5,1349084.0,0.17599,0.34677
2024-01-17,3274.73,831327.53,1349084.0,0.18331,0.35195
2024-01-18,3269.78,826180.63,1349084.0,0.17338,0.34508
2024-01-21,3218.9,800267.29,1349084.0,0.12911,0.31392
2024-01-22,3231.93,805270.92,1349084.0,0.13857,0.32042
2024-01-23,3277.11,818516.44,1349084.0,0.15954,0.33589
2024-01-24,3342.92,842349.01,1349084.0,0.20838,0.37147
2024-01-25,3333.82,841712.46,1349084.0,0.20748,0.37052
2024-01-28,3303.96,830775.7,1349084.0,0.1801,0.35119
2024-01-29,3245.04,813491.46,1349084.0,0.14803,0.3286
2024-01-30,3215.35,798800.0,1349084.0,0.12495,0.31235
2024-01-31,3217.71,793472.73,1349084.0,0.11956,0.30813
2024-02-01,3179.63,779146.78,1349084.0,0.10883,0.29954
2024-02-04,3200.42,765537.09,1349084.0,0.10057,0.28986
2024-02-05,3311.69,792966.3,1349084.0,0.12023,0.30836
2024-02-06,3343.63,802365.78,1349084.0,0.13459,0.3179
2024-02-07,3364.93,816818.73,1349084.0,0.15833,0.33573
2024-02-07,3364.93,816818.73,1349084.0,0.22149,0.38245
2024-02-18,3403.81,831429.91,1349084.0,0.18182,0.35378
2024-02-18,3403.81,831429.91,1349084.0,0.25792,0.40943
2024-02-19,3410.85,835576.86,1349084.0,0.19087,0.36068
2024-02-19,3410.85,835576.86,1349084.0,0.26532,0.41654
2024-02-20,3456.87,843456.35,1349084.0,0.20897,0.375
2024-02-20,3456.87,843456.35,1349084.0,0.29124,0.43477
2024-02-21,3486.67,854090.11,1349084.0,0.23396,0.39215
2024-02-22,3489.74,859762.31,1349084.0,0.25154,0.40406
2024-02-25,3453.36,855099.3,1349084.0,0.23653,0.39438
2024-02-26,3494.79,869096.47,1349084.0,0.2752,0.42088
2024-02-27,3450.26,847244.28,1349084.0,0.21966,0.38287
2024-02-28,3516.08,866858.2,1349084.0,0.27097,0.41808
2024-02-29,3537.8,872102.24,1349084.0,0.28812,0.42997
2024-03-03,3540.87,875657.9,1349084.0,0.30058,0.43794
2024-03-04,3565.51,876014.73,1349084.0,0.30304,0.43958
2024-03-05,3551.05,875106.75,1349084.0,0.29852,0.43666
2024-03-06,3529.72,870018.49,1349084.0,0.27796,0.42437
2024-03-07,3544.91,877925.44,1349084.0,0.31237,0.44669
2024-03-10,3589.26,886596.21,1349084.0,0.33224,0.46269
2024-03-11,3597.49,884886.62,1349084.0,0.32689,0.4589
2024-03-12,3572.36,882225.03,1349084.0,0.32072,0.45401
2024-03-13,3562.22,880141.19,1349084.0,0.31579,0.45
2024-03-14,3569.99,885343.6,1349084.0,0.3284,0.46055
2024-03-17,3603.53,895626.06,1349084.0,0.35115,0.47849
2024-03-18,3577.63,890533.08,1349084.0,0.34005,0.46948
2024-03-19,3585.38,895458.65,1349084.0,0.35074,0.47828
2024-03-20,3581.09,894344.48,1349084.0,0.3491,0.47709
2024-03-21,3545.0,885654.08,1349084.0,0.32799,0.46092
2024-03-24,3525.76,876335.68,1349084.0,0.30099,0.44042
2024-03-25,3543.75,878166.95,1349084.0,0.30839,0.4464
2024-03-26,3502.79,864021.72,1349084.0,0.25535,0.41094
2024-03-27,3520.96,872088.93,1349084.0,0.28084,0.42863
2024-03-28,3537.48,880516.41,1349084.0,0.31402,0.45088
2024-03-31,3595.65,893608.16,1349084.0,0.34745,0.47637
2024-04-01,3580.68,892638.34,1349084.0,0.34416,0.47409
2024-04-02,3567.8,889761.5,1349084.0,0.33635,0.46857
2024-04-07,3536.41,881130.93,1349084.0,0.3151,0.45222
2024-04-08,3533.49,883210.35,1349084.0,0.31962,0.45602
2024-04-09,3504.71,874733.76,1349084.0,0.28918,0.4347
2024-04-10,3504.24,875527.5,1349084.0,0.29165,0.43634
2024-04-11,3475.84,870058.67,1349084.0,0.26933,0.42282
2024-04-14,3549.08,877455.82,1349084.0,0.30234,0.44372
2024-04-15,3511.11,858061.81,1349084.0,0.23324,0.39862
2024-04-16,3565.4,880084.12,1349084.0,0.31016,0.44981
2024-04-17,3569.8,880042.33,1349084.0,0.30975,0.44971
2024-04-18,3541.66,877216.08,1349084.0,0.30058,0.44291
2024-04-21,3530.9,871186.41,1349084.0,0.27273,0.42595
2024-04-22,3506.22,866229.85,1349084.0,0.25586,0.41396
2024-04-23,3521.62,873578.1,1349084.0,0.28301,0.43246
2024-04-24,3530.28,875600.37,1349084.0,0.29,0.43669
2024-04-25,3584.27,886384.43,1349084.0,0.32771,0.46403
2024-04-28,3623.91,896261.4,1349084.0,0.35294,0.48315
2024-04-29,3604.39,891833.09,1349084.0,0.34142,0.4742
2024-05-05,3657.88,904684.19,1349084.0,0.38148,0.50389
2024-05-06,3659.01,906766.52,1349084.0,0.38519,0.50637
2024-05-07,3630.22,899236.03,1349084.0,0.36132,0.49007
2024-05-08,3664.56,907557.08,1349084.0,0.38807,0.50852
2024-05-09,3666.28,905621.73,1349084.0,0.38338,0.50539
2024-05-12,3664.69,901424.28,1349084.0,0.36667,0.4945
2024-05-13,3657.05,901787.62,1349084.0,0.3679,0.49526
2024-05-14,3626.06,894697.14,1349084.0,0.34527,0.4792
2024-05-15,3640.36,896179.79,1349084.0,0.34856,0.48211
2024-05-16,3677.97,905111.79,1349084.0,0.38132,0.50485
2024-05-19,3690.96,909400.73,1349084.0,0.39383,0.51271
2024-05-20,3676.16,905018.9,1349084.0,0.37984,0.5042
2024-05-21,3684.45,905844.81,1349084.0,0.38272,0.50603
2024-05-22,3641.79,893247.92,1349084.0,0.33951,0.476
2024-05-23,3601.48,884884.18,1349084.0,0.31551,0.45867
2024-05-26,3635.71,894146.43,1349084.0,0.34239,0.47837
2024-05-27,3609.17,888429.78,1349084.0,0.32593,0.46601
2024-05-28,3613.52,889703.17,1349084.0,0.3284,0.4687
2024-05-29,3594.31,884208.63,1349084.0,0.31235,0.45699
2024-05-30,3579.92,884322.56,1349084.0,0.31304,0.45732
2024-06-02,3588.75,881742.65,1349084.0,0.30605,0.45249
2024-06-03,3615.67,885173.86,1349084.0,0.31551,0.4597
2024-06-04,3594.79,877071.54,1349084.0,0.28877,0.44048
2024-06-05,3592.25,869500.06,1349084.0,0.25175,0.41762
2024-06-06,3574.11,870664.43,1349084.0,0.25905,0.42225
2024-06-10,3542.88,866890.96,1349084.0,0.24444,0.41293
2024-06-11,3544.12,871017.55,1349084.0,0.25967,0.42336
2024-06-12,3526.13,868163.16,1349084.0,0.24733,0.41468
2024-06-13,3541.53,869343.06,1349084.0,0.2501,0.41717
2024-06-16,3536.2,865807.31,1349084.0,0.23951,0.41
2024-06-17,3545.59,870654.36,1349084.0,0.25761,0.42257
2024-06-18,3528.75,867217.99,1349084.0,0.24403,0.41347
2024-06-19,3503.28,860257.16,1349084.0,0.22181,0.39923
2024-06-20,3495.62,858868.56,1349084.0,0.21761,0.39657
2024-06-23,3476.81,846676.01,1349084.0,0.18477,0.37484
2024-06-24,3457.9,842963.84,1349084.0,0.17325,0.36705
2024-06-25,3480.26,852474.11,1349084.0,0.19588,0.38282
2024-06-26,3454.12,843889.11,1349084.0,0.17613,0.36989
2024-06-27,3461.66,849455.15,1349084.0,0.19128,0.37923
2024-06-30,3478.18,857013.78,1349084.0,0.21193,0.39349
2024-07-01,3471.79,857069.47,1349084.0,0.21235,0.39384
2024-07-02,3463.41,852115.13,1349084.0,0.19383,0.38241
2024-07-03,3445.81,844205.29,1349084.0,0.17531,0.37035
2024-07-04,3431.06,843075.77,1349084.0,0.17071,0.36684
2024-07-07,3401.76,833958.59,1349084.0,0.14733,0.3503
2024-07-08,3439.81,845085.9,1349084.0,0.17737,0.37182
2024-07-09,3428.97,839599.32,1349084.0,0.16173,0.3602
2024-07-10,3468.17,850623.05,1349084.0,0.19136,0.38106
2024-07-11,3472.4,849653.25,1349084.0,0.18963,0.3797
2024-07-14,3476.25,849712.46,1349084.0,0.1893,0.38005
2024-07-15,3498.28,851489.95,1349084.0,0.19259,0.38232
2024-07-16,3501.58,846037.1,1349084.0,0.17984,0.37433
2024-07-17,3520.93,850391.62,1349084.0,0.19053,0.3813
2024-07-18,3539.02,851226.98,1349084.0,0.19251,0.3825
2024-07-21,3514.92,846518.4,1349084.0,0.17984,0.37495
2024-07-22,3439.88,831557.58,1349084.0,0.13868,0.34606
2024-07-23,3418.17,826018.96,1349084.0,0.12634,0.33831
2024-07-24,3399.27,822444.6,1349084.0,0.1214,0.33483
2024-07-25,3409.29,825431.58,1349084.0,0.12505,0.33731
2024-07-28,3390.74,825027.52,1349084.0,0.12428,0.33724
2024-07-29,3369.38,821948.11,1349084.0,0.11975,0.33419
2024-07-30,3442.08,839997.51,1349084.0,0.15967,0.36139
2024-07-31,3419.27,837839.37,1349084.0,0.15432,0.3579
2024-08-01,3384.39,830116.39,1349084.0,0.13287,0.34356
2024-08-04,3343.32,816160.68,1349084.0,0.10535,0.3256
2024-08-05,3342.98,819577.03,1349084.0,0.11317,0.33042
2024-08-06,3341.49,820044.95,1349084.0,0.11399,0.3312
2024-08-07,3342.94,819942.39,1349084.0,0.11317,0.33092
2024-08-08,3331.63,817198.06,1349084.0,0.10777,0.32766
2024-08-11,3325.86,815124.43,1349084.0,0.1,0.3227
2024-08-12,3334.39,818627.79,1349084.0,0.10988,0.32922
2024-08-13,3309.24,813962.08,1349084.0,0.09835,0.32213
2024-08-14,3341.95,821620.54,1349084.0,0.11811,0.33461
2024-08-15,3345.63,822275.72,1349084.0,0.11929,0.33581
2024-08-18,3356.97,825135.24,1349084.0,0.12305,0.33872
2024-08-19,3332.7,817041.99,1349084.0,0.10535,0.3276
2024-08-20,3321.64,814267.82,1349084.0,0.09712,0.32222
2024-08-21,3313.14,809840.91,1349084.0,0.08971,0.31642
2024-08-22,3327.19,811042.19,1349084.0,0.09091,0.31762
2024-08-25,3324.22,813027.23,1349084.0,0.093,0.31989
2024-08-26,3305.33,809866.84,1349084.0,0.08889,0.31643
2024-08-27,3286.5,807575.51,1349084.0,0.08477,0.31424
2024-08-28,3277.68,805658.2,1349084.0,0.0823,0.31269
2024-08-29,3321.43,813379.78,1349084.0,0.0942,0.3211
2024-09-01,3265.01,802393.09,1349084.0,0.07654,0.30895
2024-09-02,3273.43,800211.18,1349084.0,0.06831,0.30464
2024-09-03,3252.16,794449.45,1349084.0,0.06296,0.30055
2024-09-04,3257.76,796793.28,1349084.0,0.0642,0.30155
2024-09-05,3231.35,786502.5,1349084.0,0.05553,0.29576
2024-09-08,3192.95,778745.02,1349084.0,0.04854,0.29062
2024-09-09,3195.76,781654.01,1349084.0,0.0506,0.29246
2024-09-10,3186.13,776421.34,1349084.0,0.04607,0.28859
2024-09-11,3172.47,774159.43,1349084.0,0.04484,0.28704
2024-09-12,3159.25,770107.61,1349084.0,0.04235,0.28444
2024-09-17,3171.01,773113.74,1349084.0,0.04282,0.28608
2024-09-18,3196.04,782752.42,1349084.0,0.05146,0.29469
2024-09-19,3201.05,783124.33,1349084.0,0.05185,0.29484
2024-09-22,3212.76,785971.78,1349084.0,0.05311,0.29626
2024-09-23,3351.91,817853.23,1349084.0,0.10622,0.3315
2024-09-24,3401.53,827394.64,1349084.0,0.12721,0.34517
2024-09-25,3545.32,856945.88,1349084.0,0.20996,0.40046
2024-09-26,3703.68,887633.32,1349084.0,0.32387,0.47412
2024-09-29,4017.85,967118.54,1349084.0,0.60642,0.66455
2024-10-07,4256.1,1025037.25,1349084.0,0.74146,0.77107
2024-10-08,3955.98,951350.17,1349084.0,0.55496,0.62606
2024-10-09,3997.79,961796.43,1349084.0,0.59325,0.65442
2024-10-10,3887.17,934610.64,1349084.0,0.47942,0.57978
2024-10-13,3961.34,957557.3,1349084.0,0.57966,0.64507
2024-10-14,3855.99,934059.92,1349084.0,0.4755,0.57764
2024-10-15,3831.59,933897.32,1349084.0,0.47509,0.57752
2024-10-16,3788.22,926093.95,1349084.0,0.4471,0.56073
2024-10-17,3925.23,955749.94,1349084.0,0.57325,0.63968
2024-10-20,3935.2,962359.2,1349084.0,0.59366,0.65535
2024-10-21,3957.78,967006.76,1349084.0,0.60478,0.66449
2024-10-22,3973.21,970392.95,1349084.0,0.61671,0.67341
2024-10-23,3928.83,963787.91,1349084.0,0.59613,0.65768
2024-10-24,3956.42,972364.77,1349084.0,0.6214,0.67797
2024-10-27,3964.16,979611.76,1349084.0,0.63442,0.68962
2024-10-28,3924.65,968741.86,1349084.0,0.60972,0.66821
2024-10-29,3889.45,963953.65,1349084.0,0.59572,0.65776
2024-10-30,3891.04,969046.62,1349084.0,0.61054,0.66919
2024-10-31,3890.02,960611.17,1349084.0,0.58683,0.6518
2024-11-03,3944.76,974350.75,1349084.0,0.62495,0.68195
2024-11-04,4044.57,999762.19,1349084.0,0.68094,0.72555
2024-11-05,4024.28,999091.86,1349084.0,0.68012,0.72477
2024-11-06,4145.7,1023698.57,1349084.0,0.73569,0.76813
2024-11-07,4104.05,1019096.39,1349084.0,0.72058,0.7583
2024-11-10,4131.13,1028371.54,1349084.0,0.75093,0.77768
2024-11-11,4085.74,1016245.93,1349084.0,0.71429,0.75315
2024-11-12,4110.89,1020838.18,1349084.0,0.72375,0.76076
2024-11-13,4039.62,1000471.43,1349084.0,0.68094,0.72617
2024-11-14,3968.83,983813.09,1349084.0,0.64074,0.69683
2024-11-17,3950.38,975566.2,1349084.0,0.6233,0.68199
2024-11-18,3976.89,986367.14,1349084.0,0.64718,0.70157
2024-11-19,3985.77,995213.81,1349084.0,0.66982,0.71716
2024-11-20,3989.3,996013.89,1349084.0,0.67188,0.7189
2024-11-21,3865.7,965199.79,1349084.0,0.59218,0.65793
2024-11-24,3848.09,965573.16,1349084.0,0.59366,0.65926
2024-11-25,3840.18,962430.34,1349084.0,0.58378,0.6522
2024-11-26,3907.04,978443.07,1349084.0,0.6266,0.68644
2024-11-27,3872.55,973123.98,1349084.0,0.6163,0.67749
2024-11-28,3916.58,984754.38,1349084.0,0.64198,0.69914
2024-12-01,3947.63,996935.86,1349084.0,0.67394,0.72078
2024-12-02,3951.89,1000230.49,1349084.0,0.6797,0.72628
2024-12-03,3930.56,994215.33,1349084.0,0.66612,0.71566
2024-12-04,3921.59,997399.96,1349084.0,0.67353,0.72095
2024-12-05,3973.14,1008105.72,1349084.0,0.69712,0.74152
2024-12-08,3966.57,1006431.64,1349084.0,0.69494,0.73928
2024-12-09,3995.64,1013286.78,1349084.0,0.70811,0.74979
2024-12-10,3988.83,1016626.6,1349084.0,0.71429,0.75424
2024-12-11,4028.5,1026155.84,1349084.0,0.74475,0.7752
2024-12-12,3933.18,1006645.7,1349084.0,0.69383,0.73887
2024-12-15,3911.84,1003556.92,1349084.0,0.68547,0.73244
2024-12-16,3922.03,993064.24,1349084.0,0.65994,0.71243
2024-12-17,3941.89,999479.92,1349084.0,0.67476,0.72399
2024-12-18,3945.46,998400.27,1349084.0,0.67147,0.72091
2024-12-19,3927.74,999600.2,1349084.0,0.6749,0.7241
2024-12-22,3933.57,990007.39,1349084.0,0.6513,0.70725
2024-12-23,3983.69,1002486.6,1349084.0,0.68259,0.73048
2024-12-24,3985.63,998789.74,1349084.0,0.67229,0.7226
2024-12-25,3987.48,1002017.74,1349084.0,0.68135,0.72976
2024-12-26,3981.03,1002872.11,1349084.0,0.68354,0.73127
2024-12-29,3999.05,1004742.03,1349084.0,0.68876,0.73571
2024-12-30,3934.91,987160.38,1349084.0,0.63895,0.69948
2025-01-01,3820.4,960853.01,1349084.0,0.57037,0.64658
2025-01-02,3775.16,943491.98,1349084.0,0.50021,0.59808
2025-01-05,3768.97,940540.02,1349084.0,0.48601,0.59004
2025-01-06,3796.11,950919.6,1349084.0,0.52922,0.61721
2025-01-07,3789.22,950862.26,1349084.0,0.5284,0.61667
2025-01-08,3779.88,948104.02,1349084.0,0.51399,0.60737
2025-01-09,3732.48,932151.27,1349084.0,0.44467,0.56706
2025-01-12,3722.51,930438.82,1349084.0,0.43663,0.56298
2025-01-13,3820.54,958822.98,1349084.0,0.56296,0.64217
2025-01-14,3796.03,953917.48,1349084.0,0.54403,0.62872
2025-01-15,3800.38,957852.85,1349084.0,0.56008,0.64024
2025-01-16,3812.34,960122.68,1349084.0,0.56643,0.64468
2025-01-19,3829.68,963031.38,1349084.0,0.5749,0.651
2025-01-20,3832.61,963073.13,1349084.0,0.5749,0.65107
2025-01-21,3797.02,956053.56,1349084.0,0.55267,0.63451
2025-01-22,3803.74,959020.81,1349084.0,0.56255,0.64249
2025-01-23,3832.86,966207.55,1349084.0,0.58453,0.65773
2025-01-26,3817.08,962409.63,1349084.0,0.57202,0.64928
2025-02-04,3795.08,959343.66,1349084.0,0.56106,0.6425
2025-02-05,3842.83,971812.77,1349084.0,0.60149,0.67165
2025-02-06,3892.7,982879.16,1349084.0,0.62722,0.69331
2025-02-09,3901.06,991853.14,1349084.0,0.66543,0.71725
2025-02-10,3883.14,990164.49,1349084.0,0.6613,0.7144
2025-02-11,3919.86,1000194.23,1349084.0,0.68193,0.73023
2025-02-12,3905.14,994908.82,1349084.0,0.67203,0.72178
2025-02-13,3939.01,1000519.41,1349084.0,0.68289,0.73118
2025-02-16,3947.4,1004894.84,1349084.0,0.69472,0.74077
2025-02-17,3912.78,992515.68,1349084.0,0.48041,0.58532
2025-02-18,3940.16,1003718.36,1349084.0,0.52473,0.61132
2025-02-19,3928.9,1004947.38,1349084.0,0.5274,0.61326
2025-02-20,3978.44,1016619.75,1349084.0,0.55931,0.63407
2025-02-23,3969.72,1014205.78,1349084.0,0.55043,0.62772
2025-02-24,3925.65,1005243.59,1349084.0,0.52902,0.61413
2025-02-25,3959.94,1015256.68,1349084.0,0.55414,0.63015
2025-02-26,3968.12,1015923.58,1349084.0,0.55661,0.63188
2025-02-27,3890.05,992581.83,1349084.0,0.4786,0.58456
2025-03-02,3888.47,992729.13,1349084.0,0.47839,0.58464
2025-03-03,3885.22,995760.14,1349084.0,0.48868,0.59197
2025-03-04,3902.57,1001594.02,1349084.0,0.51214,0.6053
2025-03-05,3956.24,1013968.55,1349084.0,0.54837,0.6273
2025-03-06,3944.01,1010541.1,1349084.0,0.54239,0.62304
2025-03-09,3928.8,1009242.62,1349084.0,0.53808,0.62063
2025-03-10,3941.42,1013880.42,1349084.0,0.54796,0.62733
2025-03-11,3927.23,1013098.17,1349084.0,0.5459,0.62575
2025-03-12,3911.58,1006961.14,1349084.0,0.52902,0.6155
2025-03-13,4006.56,1026761.02,1349084.0,0.59177,0.65937
2025-03-16,3996.79,1028161.29,1349084.0,0.59572,0.66274
2025-03-17,4007.72,1031120.88,1349084.0,0.60025,0.66612
2025-03-18,4010.17,1028492.77,1349084.0,0.59654,0.66288
2025-03-19,3974.99,1022975.0,1349084.0,0.58049,0.65036
2025-03-20,3914.7,1008442.27,1349084.0,0.53457,0.61824
2025-03-23,3934.85,1007669.02,1349084.0,0.53108,0.61605
2025-03-24,3932.3,1006400.81,1349084.0,0.52738,0.61366
2025-03-25,3919.36,1007253.18,1349084.0,0.53067,0.61559
2025-03-26,3932.41,1009328.77,1349084.0,0.5389,0.62021
2025-03-27,3915.17,1000975.56,1349084.0,0.50741,0.60214
2025-03-30,3887.31,996968.33,1349084.0,0.48991,0.59213
2025-03-31,3887.68,999588.72,1349084.0,0.50021,0.59736
2025-04-01,3884.39,1000862.43,1349084.0,0.5072,0.60157
2025-04-02,3861.5,996274.27,1349084.0,0.48786,0.59053
2025-04-06,3589.44,913536.74,1349084.0,0.21655,0.40507
2025-04-07,3650.76,926861.28,1349084.0,0.2536,0.4301
2025-04-08,3686.79,939601.45,1349084.0,0.29848,0.46151
2025-04-09,3735.12,953617.78,1349084.0,0.331,0.48673
2025-04-10,3750.52,958805.19,1349084.0,0.34074,0.49568
2025-04-13,3759.14,967922.45,1349084.0,0.37587,0.51923
2025-04-14,3761.23,968763.95,1349084.0,0.37958,0.52118
2025-04-15,3772.82,967870.73,1349084.0,0.37587,0.51882
2025-04-16,3772.22,968943.38,1349084.0,0.38082,0.52159
2025-04-17,3772.52,969066.66,1349084.0,0.3823,0.5223
2025-04-20,3784.88,976057.26,1349084.0,0.41252,0.5409
2025-04-21,3783.95,977194.73,1349084.0,0.41622,0.54346
2025-04-22,3786.88,978632.22,1349084.0,0.4224,0.54725
2025-04-23,3784.36,976822.44,1349084.0,0.4154,0.54241
2025-04-24,3786.99,977397.36,1349084.0,0.4177,0.54415
2025-04-27,3781.62,973787.05,1349084.0,0.39769,0.5311
2025-04-28,3775.08,973374.48,1349084.0,0.39687,0.53038
2025-04-29,3770.57,973030.16,1349084.0,0.39605,0.52965
2025-05-05,3808.54,986897.63,1349084.0,0.4623,0.57037
2025-05-06,3831.63,994008.56,1349084.0,0.48578,0.58544
2025-05-07,3852.9,999169.06,1349084.0,0.50762,0.59803
2025-05-08,3846.16,994374.41,1349084.0,0.48723,0.58622
2025-05-11,3890.61,1004644.49,1349084.0,0.53276,0.61214
2025-05-12,3896.26,1005238.14,1349084.0,0.53688,0.61406
2025-05-13,3943.21,1012907.34,1349084.0,0.55995,0.62766
2025-05-14,3907.2,1003792.49,1349084.0,0.53193,0.61094
2025-05-15,3889.09,1001831.67,1349084.0,0.52265,0.6059
2025-05-18,3877.15,1003290.2,1349084.0,0.52905,0.60905
2025-05-19,3898.17,1009814.43,1349084.0,0.55459,0.62346
2025-05-20,3916.38,1011112.6,1349084.0,0.55871,0.6262
2025-05-21,3913.87,1005820.64,1349084.0,0.54017,0.61482
2025-05-22,3882.27,997017.83,1349084.0,0.49959,0.59259
2025-05-25,3860.11,993264.66,1349084.0,0.48537,0.58327
2025-05-26,3839.4,991546.8,1349084.0,0.47919,0.57967
2025-05-27,3836.24,989732.18,1349084.0,0.47178,0.57505
2025-05-28,3858.7,998707.86,1349084.0,0.50845,0.59661
2025-05-29,3840.23,992649.42,1349084.0,0.48394,0.58177
2025-06-02,3852.01,997204.21,1349084.0,0.5033,0.5935
2025-06-03,3868.74,1002982.68,1349084.0,0.5305,0.6083
2025-06-04,3877.56,1006746.61,1349084.0,0.54658,0.61696
2025-06-05,3873.98,1006333.26,1349084.0,0.54471,0.61581
2025-06-08,3885.25,1011569.52,1349084.0,0.56472,0.62753
2025-06-09,3865.47,1010556.68,1349084.0,0.56224,0.62597
2025-06-10,3894.63,1025956.77,1349084.0,0.61253,0.66177
2025-06-11,3892.2,1025812.51,1349084.0,0.61212,0.66122
2025-06-12,3864.18,1016526.36,1349084.0,0.58138,0.63783
2025-06-15,3873.8,1021258.94,1349084.0,0.60016,0.65177
2025-06-16,3870.38,1020599.93,1349084.0,0.59687,0.6494
2025-06-17,3874.97,1021485.87,1349084.0,0.60181,0.65232
2025-06-18,3843.09,1013800.11,1349084.0,0.57007,0.62977
2025-06-19,3846.64,1012169.53,1349084.0,0.56737,0.6278
2025-06-22,3857.9,1020505.65,1349084.0,0.59745,0.64907
2025-06-23,3904.03,1034214.09,1349084.0,0.63329,0.67543
2025-06-24,3960.07,1046153.8,1349084.0,0.65843,0.69709
2025-06-25,3946.02,1044329.6,1349084.0,0.65678,0.6945
2025-06-26,3921.76,1039548.33,1349084.0,0.64827,0.68621
2025-06-29,3936.08,1046724.46,1349084.0,0.66049,0.69768
2025-06-30,3942.76,1050876.05,1349084.0,0.66955,0.70425
2025-07-01,3943.68,1047923.34,1349084.0,0.66378,0.69963
2025-07-02,3968.07,1051958.2,1349084.0,0.67326,0.70702
2025-07-03,3982.2,1052730.56,1349084.0,0.67422,0.70789
2025-07-06,3965.17,1052202.27,1349084.0,0.67408,0.70714
2025-07-07,3998.45,1061790.32,1349084.0,0.69716,0.72326
2025-07-08,3991.4,1061364.09,1349084.0,0.69592,0.7223
2025-07-09,4010.02,1065914.0,1349084.0,0.70705,0.72927
2025-07-10,4014.81,1067438.51,1349084.0,0.70923,0.73115
2025-07-13,4017.67,1069242.34,1349084.0,0.71323,0.73446
2025-07-14,4019.06,1066322.15,1349084.0,0.70828,0.72984
2025-07-15,4007.2,1069172.36,1349084.0,0.71364,0.73436
2025-07-16,4034.49,1075159.32,1349084.0,0.72641,0.74497
2025-07-17,4058.55,1079323.8,1349084.0,0.73311,0.75112
2025-07-20,4085.61,1088114.55,1349084.0,0.75031,0.76294
2025-07-21,4118.96,1094097.62,1349084.0,0.76514,0.77293
2025-07-22,4119.77,1092469.16,1349084.0,0.75937,0.76932
2025-07-23,4149.04,1100532.07,1349084.0,0.78451,0.7854
2025-07-24,4127.16,1097446.75,1349084.0,0.77759,0.78098
2025-07-27,4135.82,1100008.74,1349084.0,0.7841,0.78467
2025-07-28,4152.02,1095134.78,1349084.0,0.7705,0.77559
2025-07-29,4151.24,1093712.68,1349084.0,0.76308,0.77077
2025-07-30,4075.59,1079732.04,1349084.0,0.73506,0.75096
2025-07-31,4054.93,1077210.7,1349084.0,0.73105,0.74696
2025-08-03,4070.7,1077134.32,1349084.0,0.73136,0.74681
2025-08-04,4103.45,1087163.33,1349084.0,0.75072,0.76083
2025-08-05,4113.49,1092664.35,1349084.0,0.76267,0.76939
2025-08-06,4114.67,1093142.38,1349084.0,0.76432,0.77004
2025-08-07,4104.97,1091639.18,1349084.0,0.75988,0.76746
2025-08-10,4122.51,1098424.23,1349084.0,0.78368,0.78248
2025-08-11,4143.83,1103495.53,1349084.0,0.79604,0.7894
2025-08-12,4176.58,1108099.59,1349084.0,0.80099,0.79227
2025-08-13,4173.31,1100686.46,1349084.0,0.78986,0.78564
2025-08-14,4202.35,1112471.23,1349084.0,0.80807,0.79741
2025-08-17,4239.41,1131425.26,1349084.0,0.82983,0.81484
2025-08-18,4223.37,1132961.24,1349084.0,0.8323,0.81649
2025-08-19,4271.4,1143277.88,1349084.0,0.85538,0.83108
2025-08-20,4288.07,1144116.16,1349084.0,0.85867,0.83273
2025-08-21,4378.0,1160159.46,1349084.0,0.88427,0.85114
2025-08-24,4469.22,1177790.26,1349084.0,0.90935,0.86834
2025-08-25,4452.59,1175570.57,1349084.0,0.90647,0.86634
2025-08-26,4386.13,1154533.35,1349084.0,0.87639,0.84477
2025-08-27,4463.78,1169527.23,1349084.0,0.9007,0.86236
2025-08-28,4496.76,1173019.37,1349084.0,0.90362,0.86461
2025-08-31,4523.71,1171421.04,1349084.0,0.90276,0.86423
2025-09-01,4490.45,1161663.64,1349084.0,0.88669,0.85296
2025-09-02,4459.83,1147856.42,1349084.0,0.86285,0.83646
2025-09-03,4365.21,1131061.25,1349084.0,0.82462,0.8121
2025-09-04,4460.32,1151781.73,1349084.0,0.87037,0.84136
2025-09-07,4467.57,1157980.99,1349084.0,0.87979,0.84784
2025-09-08,4436.26,1158376.59,1349084.0,0.87979,0.84787
2025-09-09,4445.36,1161103.86,1349084.0,0.88473,0.85214
2025-09-10,4548.03,1182284.13,1349084.0,0.91272,0.87291
2025-09-11,4522.0,1182024.21,1349084.0,0.91152,0.87233
2025-09-14,4533.06,1181840.76,1349084.0,0.91066,0.87175
2025-09-15,4523.34,1184869.15,1349084.0,0.91643,0.875
2025-09-16,4551.02,1191585.05,1349084.0,0.92054,0.88066
2025-09-17,4498.11,1177090.68,1349084.0,0.90613,0.8668
2025-09-18,4501.92,1174068.33,1349084.0,0.90206,0.86441
2025-09-21,4522.61,1176866.25,1349084.0,0.90572,0.86665
2025-09-22,4519.78,1173626.44,1349084.0,0.90037,0.86366
2025-09-23,4566.07,1185906.77,1349084.0,0.91725,0.87616
2025-09-24,4593.49,1187151.93,1349084.0,0.91848,0.87739
2025-09-25,4550.05,1175357.43,1349084.0,0.90206,0.86475
2025-09-28,4620.05,1187682.94,1349084.0,0.91848,0.87764
